stratum,method_a,method_b,paired_finite_condition_n,conditional_mean_error_difference_a_minus_b,cluster_bootstrap_ci_low,cluster_bootstrap_ci_high,bootstrap_p_value,holm_p_value
flicker,stft,wavelet,36,-0.3089645831805343,-0.35799672786969383,-0.26438965251584967,0.0009995002498750624,0.005997001499250375
flicker,stft,s_transform,36,-0.02542933193682933,-0.06998958789279282,0.006442703536861704,0.22488755622188905,0.25987006496751625
flicker,stft,vmd,36,-0.2916667254119162,-0.329763285910549,-0.24936438252266158,0.0009995002498750624,0.005997001499250375
flicker,wavelet,s_transform,36,0.28353525124370493,0.21995713814885687,0.3417426310817655,0.0009995002498750624,0.005997001499250375
flicker,wavelet,vmd,36,0.01729785776861823,-0.005338175058773313,0.03944338564209997,0.12993503248375812,0.25987006496751625
flicker,s_transform,vmd,36,-0.2662373934750868,-0.31770721243050304,-0.20745019797845227,0.0009995002498750624,0.005997001499250375
harmonics,stft,wavelet,27,0.09038579330183823,0.0558145336690149,0.1250223289205466,0.0009995002498750624,0.005997001499250375
harmonics,stft,s_transform,27,-0.1300374943873131,-0.19440528115979497,-0.06803999271761228,0.0009995002498750624,0.005997001499250375
harmonics,stft,vmd,27,0.015025214580107235,-0.04192060685948463,0.06843172564816033,0.6086956521739131,0.6086956521739131
harmonics,wavelet,s_transform,27,-0.22042328768915134,-0.30635493523837376,-0.12647223811727668,0.0009995002498750624,0.005997001499250375
harmonics,wavelet,vmd,27,-0.07536057872173098,-0.11803941686866258,-0.03605891180138101,0.0009995002498750624,0.005997001499250375
harmonics,s_transform,vmd,27,0.14506270896742038,0.03190012143177857,0.253773622656181,0.015992003998001,0.031984007996002
impulsive_transient,stft,wavelet,34,-0.04806519882616594,-0.11605307955671636,0.022656020774257865,0.191904047976012,0.383808095952024
impulsive_transient,stft,s_transform,34,-0.2688150996564428,-0.39477483909285227,-0.15088442727111048,0.0009995002498750624,0.005997001499250375
impulsive_transient,stft,vmd,34,-0.10154471470792843,-0.18065499952787192,-0.023305147901016197,0.012993503248375811,0.038980509745127435
impulsive_transient,wavelet,s_transform,34,-0.22074990083027685,-0.37197718052751205,-0.0706172675410812,0.004997501249375313,0.024987506246876564
impulsive_transient,wavelet,vmd,34,-0.0534795158817625,-0.1339149700301257,0.02386151471136729,0.19290354822588707,0.383808095952024
impulsive_transient,s_transform,vmd,34,0.16727038494851434,0.04731704947661653,0.2898720133417016,0.0079960019990005,0.031984007996002
interruption,stft,wavelet,20,-0.1947953266223868,-0.2745319026907875,-0.11666320394915926,0.0009995002498750624,0.005997001499250375
interruption,stft,s_transform,20,-0.1971015716006869,-0.2650033516848644,-0.1283829761930729,0.0009995002498750624,0.005997001499250375
interruption,stft,vmd,20,-0.22895557906992142,-0.29448602576078414,-0.16310502031806517,0.0009995002498750624,0.005997001499250375
interruption,wavelet,s_transform,20,-0.0023062449783000623,-0.025446961567567927,0.01676776326285762,0.8425787106446777,0.8425787106446777
interruption,wavelet,vmd,20,-0.034160252447534595,-0.08637185098207839,0.0011472482298969574,0.06696651674162919,0.13393303348325838
interruption,s_transform,vmd,20,-0.03185400746923454,-0.06277948690400262,-0.00581751056498997,0.015992003998001,0.047976011994003
notching,stft,wavelet,21,-0.014941065926490634,-0.041565356913986634,0.008232376708119252,0.22088955522238882,1.0
notching,stft,s_transform,21,-0.025382013525631953,-0.08450946443186363,0.0325432350457403,0.4077961019490255,1.0
notching,stft,vmd,21,-0.03373460662789277,-0.08991240516099544,0.009113309623431399,0.16391804097951024,0.9835082458770614
notching,wavelet,s_transform,21,-0.010440947599141312,-0.08385010149500485,0.057972521269220936,0.7896051974012993,1.0
notching,wavelet,vmd,21,-0.01879354070140214,-0.08396271239481842,0.03340541504774985,0.5817091454272864,1.0
notching,s_transform,vmd,21,-0.008352593102260828,-0.06526262876447547,0.05031006258939956,0.7556221889055472,1.0
oscillatory_transient,stft,wavelet,27,0.003213158008293762,-0.0013325057487889984,0.010702874682447417,0.4237881059470265,0.4237881059470265
oscillatory_transient,stft,s_transform,27,0.09862474637626484,0.054295079984950055,0.14406649350637996,0.0009995002498750624,0.005997001499250375
oscillatory_transient,stft,vmd,21,0.19889048067147858,0.13181859677835678,0.25770033179593027,0.0009995002498750624,0.005997001499250375
oscillatory_transient,wavelet,s_transform,27,0.09541158836797109,0.048251005309101085,0.13843135444676788,0.0009995002498750624,0.005997001499250375
oscillatory_transient,wavelet,vmd,21,0.19394228779257627,0.12136443101423457,0.25727123544666236,0.0009995002498750624,0.005997001499250375
oscillatory_transient,s_transform,vmd,21,0.08309386383384919,0.04584765709550721,0.11675415795898554,0.0009995002498750624,0.005997001499250375
sag,stft,wavelet,19,0.050443227071607685,0.018951409231088512,0.08188686291017704,0.001999000499750125,0.009995002498750623
sag,stft,s_transform,19,0.04639711459377214,-0.04565607027376399,0.13419842270459328,0.32083958020989506,0.6416791604197901
sag,stft,vmd,19,-0.08980307357218549,-0.14847493110886656,-0.03468138221307089,0.001999000499750125,0.009995002498750623
sag,wavelet,s_transform,19,-0.00404611247783554,-0.09678127523738328,0.07779148007202427,0.9995002498750625,0.9995002498750625
sag,wavelet,vmd,19,-0.14024630064379318,-0.20998127025216695,-0.07175949620113235,0.0009995002498750624,0.005997001499250375
sag,s_transform,vmd,19,-0.13620018816595766,-0.21419874328270141,-0.052177795584480026,0.00399800099950025,0.01199400299850075
swell,stft,wavelet,18,0.026858835419035137,-0.016448455089920874,0.06871642923720386,0.21189405297351324,0.6356821589205397
swell,stft,s_transform,18,0.04886282561801179,-0.013666618720738186,0.11810986705957163,0.11794102948525736,0.47176411794102946
swell,stft,vmd,18,-0.025195377119493552,-0.06884353993761454,0.013315373125796885,0.255872063968016,0.6356821589205397
swell,wavelet,s_transform,18,0.022003990198976656,-0.04422338496104454,0.08230861556047118,0.4827586206896552,0.6356821589205397
swell,wavelet,vmd,18,-0.052054212538528696,-0.11178286869746601,0.009070956013353126,0.0769615192403798,0.384807596201899
swell,s_transform,vmd,18,-0.07405820273750535,-0.1404673161325773,-0.004371242529147024,0.038980509745127435,0.23388305847076463
