stratum,model,term,estimate,standard_error,z,p_value,holm_p_value
flicker,continuous_error,Intercept,0.01357088623892324,0.020541990514627777,0.6606412474613659,0.5088424102388676,1.0
flicker,continuous_error,"C(method, Treatment(reference='stft'))[T.wavelet]",0.3135792241831574,0.0022393709276242357,140.03005054452316,0.0,0.0
flicker,continuous_error,"C(method, Treatment(reference='stft'))[T.s_transform]",0.03214627495755765,0.002239370927624236,14.355047018343607,9.905832341101946e-47,8.915249106991752e-46
flicker,continuous_error,"C(method, Treatment(reference='stft'))[T.vmd]",0.29365891995139926,0.0022393709276242344,131.1345594108182,0.0,0.0
flicker,continuous_error,C(phase_deg)[T.45.0],0.026820974316605403,0.03242736597596126,0.8271092489130343,0.4081751424329826,1.0
flicker,continuous_error,C(phase_deg)[T.90.0],-0.012167523202745813,0.02845709323826038,-0.42757435205598077,0.6689610422759571,1.0
flicker,continuous_error,C(phase_deg)[T.135.0],0.001106236014337692,0.03074732222019233,0.035978288008807695,0.9712996714027262,1.0
flicker,continuous_error,snr_scaled,0.001177817154645011,0.011009482295271865,0.10698206537384929,0.9148032078484809,1.0
flicker,continuous_error,"C(method, Treatment(reference='stft'))[T.wavelet]:snr_scaled",-0.02767510692863617,0.002184880005438573,-12.666648447396506,9.049909538781531e-37,7.239927631025225e-36
flicker,continuous_error,"C(method, Treatment(reference='stft'))[T.s_transform]:snr_scaled",-0.04028311546370985,0.002184880005438573,-18.437220974807623,6.604988075482315e-76,6.604988075482315e-75
flicker,continuous_error,"C(method, Treatment(reference='stft'))[T.vmd]:snr_scaled",-0.011947667623872385,0.0021848800054385734,-5.468340409602548,4.542688165006843e-08,3.17988171550479e-07
flicker,continuous_error,property_scaled,-0.0003970096919257467,0.010840706191554009,-0.03662212451021474,0.9707863025532244,1.0
harmonics,continuous_error,Intercept,0.4412533591825424,0.13736947408650385,3.2121645810820953,0.0013173888186567013,0.00922172173059691
harmonics,continuous_error,"C(method, Treatment(reference='stft'))[T.wavelet]",-0.07947010660749287,0.0029671098215333968,-26.783675491466262,5.006991225100408e-158,5.006991225100408e-157
harmonics,continuous_error,"C(method, Treatment(reference='stft'))[T.s_transform]",0.09180407339119555,0.0029671098215333968,30.940571435859887,3.402422245797772e-210,3.7426644703775496e-209
harmonics,continuous_error,"C(method, Treatment(reference='stft'))[T.vmd]",-0.0017385535553380092,0.0029671098215333968,-0.5859417614813893,0.5579146520915655,1.0
harmonics,continuous_error,C(phase_deg)[T.45.0],-0.220133977959533,0.2607756278122902,-0.8441508886635234,0.39858509402551,1.0
harmonics,continuous_error,C(phase_deg)[T.90.0],-0.2922251624934966,0.1371635425254783,-2.1304871331914996,0.03313141696737169,0.19878850180423013
harmonics,continuous_error,C(phase_deg)[T.135.0],-0.29956784091085176,0.1847201425541092,-1.6217389006350553,0.10485926574861265,0.5242963287430633
harmonics,continuous_error,snr_scaled,-0.01524611906813858,0.028749598205336315,-0.5303072049649965,0.5958989520416309,1.0
harmonics,continuous_error,"C(method, Treatment(reference='stft'))[T.wavelet]:snr_scaled",0.035831959204409174,0.0032737006269264535,10.94539888885636,6.99093245940391e-28,5.592745967523128e-27
harmonics,continuous_error,"C(method, Treatment(reference='stft'))[T.s_transform]:snr_scaled",-0.12550546930662052,0.003273700626926453,-38.337491300923446,0.0,0.0
harmonics,continuous_error,"C(method, Treatment(reference='stft'))[T.vmd]:snr_scaled",0.04361494692303415,0.003273700626926453,13.322826945230629,1.7052605943422648e-40,1.5347345349080383e-39
harmonics,continuous_error,property_scaled,-0.12822432415490506,0.10473533837088599,-1.2242699183425607,0.22085042093176055,0.8834016837270422
impulsive_transient,continuous_error,Intercept,0.21760593638012543,0.05211515335941113,4.17548299012785,2.9735447373569504e-05,0.00017841268424141702
impulsive_transient,continuous_error,"C(method, Treatment(reference='stft'))[T.wavelet]",0.05995725920504699,0.0035849840404460907,16.72455400877777,8.682369297616533e-63,7.814132367854879e-62
impulsive_transient,continuous_error,"C(method, Treatment(reference='stft'))[T.s_transform]",0.19344201572962472,0.0035849840404460907,53.95896147575433,0.0,0.0
impulsive_transient,continuous_error,"C(method, Treatment(reference='stft'))[T.vmd]",0.08893755288208337,0.00358498404044609,24.808353922550967,7.2846573620407e-136,7.2846573620407e-135
impulsive_transient,continuous_error,C(phase_deg)[T.45.0],0.01819786240214084,0.12253976648689613,0.14850577019898958,0.8819436324893188,0.8819436324893188
impulsive_transient,continuous_error,C(phase_deg)[T.90.0],-0.12309635242798182,0.047788640674688306,-2.575849630583465,0.009999412167996715,0.04999706083998357
impulsive_transient,continuous_error,C(phase_deg)[T.135.0],-0.10871728056128604,0.08450344100456264,-1.286542645706179,0.19825374553654995,0.5947612366096499
impulsive_transient,continuous_error,snr_scaled,-0.024190320389074343,0.01212992351868725,-1.9942681709251469,0.04612275568031007,0.18449102272124027
impulsive_transient,continuous_error,"C(method, Treatment(reference='stft'))[T.wavelet]:snr_scaled",0.04891247863602879,0.0035134543124479317,13.921478489910962,4.690988697047084e-44,3.283692087932959e-43
impulsive_transient,continuous_error,"C(method, Treatment(reference='stft'))[T.s_transform]:snr_scaled",-0.3100122468137618,0.0035134543124479335,-88.23574159351075,0.0,0.0
impulsive_transient,continuous_error,"C(method, Treatment(reference='stft'))[T.vmd]:snr_scaled",-0.051853717002869545,0.0035134543124479343,-14.758614284282931,2.707874467471044e-49,2.1662995739768352e-48
impulsive_transient,continuous_error,property_scaled,0.04040573211970632,0.04765583901088278,0.847865297481788,0.3965129928171022,0.7930259856342043
interruption,continuous_error,Intercept,0.10205332856368995,0.05484585444615562,1.8607300331856405,0.0627823103931927,0.3139115519659635
interruption,continuous_error,"C(method, Treatment(reference='stft'))[T.wavelet]",0.19096467036643966,0.0035045637953801776,54.49028224801474,0.0,0.0
interruption,continuous_error,"C(method, Treatment(reference='stft'))[T.s_transform]",0.19376698571934312,0.0035045637953801767,55.289901121153136,0.0,0.0
interruption,continuous_error,"C(method, Treatment(reference='stft'))[T.vmd]",0.22680572095891052,0.003504563795380178,64.71724705308338,0.0,0.0
interruption,continuous_error,C(phase_deg)[T.45.0],-0.05126870652767718,0.15670087741216435,-0.3271756187607492,0.7435350604167801,1.0
interruption,continuous_error,C(phase_deg)[T.90.0],0.10092632971375785,0.08457342256415688,1.193357518872974,0.23272938472419247,0.6981881541725774
interruption,continuous_error,C(phase_deg)[T.135.0],-0.1630300239743059,0.09887514492099243,-1.6488473832789559,0.09917890485280041,0.39671561941120165
interruption,continuous_error,snr_scaled,-0.043670401191710694,0.019284408056357925,-2.264544551436874,0.023540642866112276,0.14124385719667365
interruption,continuous_error,"C(method, Treatment(reference='stft'))[T.wavelet]:snr_scaled",0.0714508669014467,0.0032819914236339883,21.770583063356288,4.409853281319278e-105,3.96886795318735e-104
interruption,continuous_error,"C(method, Treatment(reference='stft'))[T.s_transform]:snr_scaled",0.06219797237338466,0.0032819914236339874,18.951290343262357,4.308871374038343e-80,3.4470970992306744e-79
interruption,continuous_error,"C(method, Treatment(reference='stft'))[T.vmd]:snr_scaled",0.04009997647487756,0.0032819914236339905,12.218184418799241,2.4857419706346843e-34,1.740019379444279e-33
interruption,continuous_error,property_scaled,0.05195028261963717,0.08003604373221175,0.6490860891807045,0.5162827327740673,1.0
notching,continuous_error,Intercept,0.1821861081042667,0.04904673754403981,3.7145408079523947,0.0002035730179587902,0.0012214381077527412
notching,continuous_error,"C(method, Treatment(reference='stft'))[T.wavelet]",0.018562790553115393,0.001996724452926389,9.29662103647294,1.4497987199191272e-20,1.1598389759353017e-19
notching,continuous_error,"C(method, Treatment(reference='stft'))[T.s_transform]",0.015082645271833917,0.0019967244529263905,7.553693875851953,4.2308394529189425e-14,2.96158761704326e-13
notching,continuous_error,"C(method, Treatment(reference='stft'))[T.vmd]",0.031092918295502384,0.001996724452926389,15.57196249584301,1.1288973835437679e-54,1.1288973835437678e-53
notching,continuous_error,C(phase_deg)[T.45.0],-0.15161990381403154,0.07373931137234255,-2.056161103111409,0.03976699014610448,0.19883495073052238
notching,continuous_error,C(phase_deg)[T.90.0],0.13210564341096773,0.08504441205832479,1.5533724111158251,0.12033419004097153,0.4813367601638861
notching,continuous_error,C(phase_deg)[T.135.0],-0.09904636761026135,0.11364921017891894,-0.8715095111908987,0.3834760149113716,0.7669520298227432
notching,continuous_error,snr_scaled,-0.00723563250728833,0.021374548353035726,-0.33851627588943595,0.734974163930089,0.7669520298227432
notching,continuous_error,"C(method, Treatment(reference='stft'))[T.wavelet]:snr_scaled",0.03851036479720271,0.002241208687332277,17.18285540069087,3.569030796076019e-66,3.925933875683621e-65
notching,continuous_error,"C(method, Treatment(reference='stft'))[T.s_transform]:snr_scaled",-0.1095147946143329,0.002241208687332278,-48.86416656928495,0.0,0.0
notching,continuous_error,"C(method, Treatment(reference='stft'))[T.vmd]:snr_scaled",-0.028089485493454348,0.002241208687332277,-12.533186067063399,4.914783038764827e-36,4.4233047348883444e-35
notching,continuous_error,property_scaled,-0.09023207897742376,0.06502899851147675,-1.38756679393577,0.16526899877202306,0.49580699631606917
oscillatory_transient,continuous_error,Intercept,0.34088885522064205,0.03895249292164182,8.751400222480905,2.107216098504392e-18,1.6857728788035135e-17
oscillatory_transient,continuous_error,"C(method, Treatment(reference='stft'))[T.wavelet]",-0.003543273268131355,0.0016643715663340127,-2.1288955782487076,0.033262900702137256,0.16631450351068627
oscillatory_transient,continuous_error,"C(method, Treatment(reference='stft'))[T.s_transform]",-0.0939006017593362,0.0016643715663340135,-56.41805210970049,0.0,0.0
oscillatory_transient,continuous_error,"C(method, Treatment(reference='stft'))[T.vmd]",-0.1965044175443195,0.0020836557106678573,-94.30752716884092,0.0,0.0
oscillatory_transient,continuous_error,C(phase_deg)[T.45.0],-0.04708088507049427,0.046810829211765013,-1.0057690894025306,0.31452665969783644,0.8938378689678104
oscillatory_transient,continuous_error,C(phase_deg)[T.90.0],-0.05644449643607738,0.04589522373489259,-1.2298555675884968,0.2187511953816259,0.8750047815265036
oscillatory_transient,continuous_error,C(phase_deg)[T.135.0],-0.1353093059706869,0.04906796194482713,-2.7575896900472663,0.005822923668481775,0.03493754201089065
oscillatory_transient,continuous_error,snr_scaled,0.04144823471611636,0.013670360157551988,3.031978253566267,0.0024295670650027086,0.01700696945501896
oscillatory_transient,continuous_error,"C(method, Treatment(reference='stft'))[T.wavelet]:snr_scaled",0.001575007364352214,0.0015131958752169492,1.0408483066519083,0.29794595632260346,0.8938378689678104
oscillatory_transient,continuous_error,"C(method, Treatment(reference='stft'))[T.s_transform]:snr_scaled",-0.02253928693144827,0.0015131958752169503,-14.895154884173051,3.5436251679993813e-50,3.543625167999381e-49
oscillatory_transient,continuous_error,"C(method, Treatment(reference='stft'))[T.vmd]:snr_scaled",-0.026867541905117247,0.0018553861142976717,-14.480835928476024,1.6013772338070937e-47,1.4412395104263844e-46
oscillatory_transient,continuous_error,property_scaled,0.00686030367450019,0.014632384658154366,0.46884385797478784,0.6391812482640762,0.8938378689678104
sag,continuous_error,Intercept,0.2021983064513231,0.062444790701688825,3.23803321588929,0.0012035679588139339,0.008424975711697537
sag,continuous_error,"C(method, Treatment(reference='stft'))[T.wavelet]",-0.05028628811095671,0.0031529331362873604,-15.949049959927086,2.8926384166164065e-57,2.8926384166164066e-56
sag,continuous_error,"C(method, Treatment(reference='stft'))[T.s_transform]",-0.04487128900076991,0.003152933136287361,-14.23160183270068,5.833019352436814e-46,5.249717417193133e-45
sag,continuous_error,"C(method, Treatment(reference='stft'))[T.vmd]",0.09041855261504443,0.0031529331362873626,28.677599145509937,7.260404412881623e-181,8.712485295457948e-180
sag,continuous_error,C(phase_deg)[T.45.0],-0.10133412610782143,0.09623550956486794,-1.0529806156376897,0.2923498763374811,0.9926164021198542
sag,continuous_error,C(phase_deg)[T.90.0],-0.08711572293259608,0.05153442304045289,-1.6904375326801078,0.09094427963670496,0.47813793673429283
sag,continuous_error,C(phase_deg)[T.135.0],0.04085008055729277,0.12784051042372474,0.31953940438673173,0.7493175158689791,0.9926164021198542
sag,continuous_error,snr_scaled,-0.013652174757831587,0.011821656053350475,-1.1548445240007055,0.24815410052996356,0.9926164021198542
sag,continuous_error,"C(method, Treatment(reference='stft'))[T.wavelet]:snr_scaled",0.0058624827265174005,0.0033452311026712276,1.7524896028367374,0.07968965612238214,0.47813793673429283
sag,continuous_error,"C(method, Treatment(reference='stft'))[T.s_transform]:snr_scaled",0.05699748580948657,0.0033452311026712293,17.038429950018404,4.260153907521742e-65,4.686169298273916e-64
sag,continuous_error,"C(method, Treatment(reference='stft'))[T.vmd]:snr_scaled",0.022991328872887098,0.0033452311026712267,6.872867125541226,6.292417333533255e-12,5.033933866826604e-11
sag,continuous_error,property_scaled,0.03550893723102796,0.047078441849629546,0.754250477202388,0.4506988329181212,0.9926164021198542
swell,continuous_error,Intercept,0.11580519698554398,0.04679146336014648,2.474921463648395,0.013326547737820745,0.06663273868910373
swell,continuous_error,"C(method, Treatment(reference='stft'))[T.wavelet]",-0.01635002919011211,0.002627368407980439,-6.222967871749577,4.878373080047692e-10,4.390535772042923e-09
swell,continuous_error,"C(method, Treatment(reference='stft'))[T.s_transform]",-0.04598357394334921,0.002627368407980438,-17.50176100301636,1.3890720570721004e-68,1.6668864684865206e-67
swell,continuous_error,"C(method, Treatment(reference='stft'))[T.vmd]",0.01513698163057065,0.0026273684079804386,5.761271081966724,8.348283294919002e-09,6.678626635935202e-08
swell,continuous_error,C(phase_deg)[T.45.0],0.004967074814481915,0.055682999391556014,0.08920271660572834,0.9289208064476365,1.0
swell,continuous_error,C(phase_deg)[T.90.0],0.018293616040869997,0.07112984588438764,0.257186217872648,0.79703502280205,1.0
swell,continuous_error,C(phase_deg)[T.135.0],0.35404069663157667,0.1103631801767084,3.2079602641451896,0.0013367996696683378,0.009357597687678364
swell,continuous_error,snr_scaled,0.012969533213000442,0.015419560037989142,0.841109161418836,0.4002867831879051,1.0
swell,continuous_error,"C(method, Treatment(reference='stft'))[T.wavelet]:snr_scaled",-0.030308815466467035,0.0026581361501815345,-11.402281054865126,4.073051054320885e-30,4.4803561597529735e-29
swell,continuous_error,"C(method, Treatment(reference='stft'))[T.s_transform]:snr_scaled",-0.0083041504227839,0.0026581361501815362,-3.1240500687734793,0.0017838010028332642,0.010702806016999585
swell,continuous_error,"C(method, Treatment(reference='stft'))[T.vmd]:snr_scaled",0.029009770103426005,0.0026581361501815345,10.913575702826513,9.927313628506994e-28,9.927313628506993e-27
swell,continuous_error,property_scaled,0.043113117515170586,0.04861545112311179,0.8868192420140807,0.37517622620904234,1.0
