stratum,outcome,tolerance_level,primary_decision_level,method_a,method_b,condition_n,probability_difference_a_minus_b,cluster_bootstrap_ci_low,cluster_bootstrap_ci_high,bootstrap_p_value,holm_p_value
flicker,qualification_pass,half_tolerance,False,stft,wavelet,36,0.8858333333333334,0.7777638888888889,0.9716666666666667,0.0009995002498750624,0.005997001499250375
flicker,qualification_pass,half_tolerance,False,stft,s_transform,36,-0.03083333333333333,-0.1691666666666667,0.10861111111111099,0.6146926536731634,1.0
flicker,qualification_pass,half_tolerance,False,stft,vmd,36,0.8586111111111111,0.7474999999999999,0.964784722222222,0.0009995002498750624,0.005997001499250375
flicker,qualification_pass,half_tolerance,False,wavelet,s_transform,36,-0.9166666666666666,-0.9994444444444445,-0.8077777777777777,0.0009995002498750624,0.005997001499250375
flicker,qualification_pass,half_tolerance,False,wavelet,vmd,36,-0.02722222222222222,-0.08333333333333333,0.0016666666666666666,0.7116441779110445,1.0
flicker,qualification_pass,half_tolerance,False,s_transform,vmd,36,0.8894444444444444,0.7788888888888889,0.9727777777777776,0.0009995002498750624,0.005997001499250375
flicker,qualification_pass,primary_tolerance,True,stft,wavelet,36,0.9413888888888889,0.858611111111111,0.9994444444444445,0.0009995002498750624,0.005997001499250375
flicker,qualification_pass,primary_tolerance,True,stft,s_transform,36,0.04111111111111111,-0.0050000000000000044,0.11194444444444451,0.2748625687156422,0.5497251374312844
flicker,qualification_pass,primary_tolerance,True,stft,vmd,36,0.9419444444444444,0.858611111111111,1.0,0.0009995002498750624,0.005997001499250375
flicker,qualification_pass,primary_tolerance,True,wavelet,s_transform,36,-0.9002777777777777,-0.9805555555555556,-0.8016666666666667,0.0009995002498750624,0.005997001499250375
flicker,qualification_pass,primary_tolerance,True,wavelet,vmd,36,0.0005555555555555561,-0.08166666666666667,0.08333333333333333,0.9525237381309345,0.9525237381309345
flicker,qualification_pass,primary_tolerance,True,s_transform,vmd,36,0.9008333333333334,0.7986111111111112,0.9811111111111112,0.0009995002498750624,0.005997001499250375
flicker,qualification_pass,double_tolerance,False,stft,wavelet,36,0.9141666666666666,0.8055555555555556,0.9974999999999999,0.0009995002498750624,0.005997001499250375
flicker,qualification_pass,double_tolerance,False,stft,s_transform,36,0.04111111111111111,-0.0050000000000000044,0.11031944444444447,0.2698650674662669,0.5397301349325337
flicker,qualification_pass,double_tolerance,False,stft,vmd,36,0.8863888888888889,0.7727777777777778,0.9722222222222222,0.0009995002498750624,0.005997001499250375
flicker,qualification_pass,double_tolerance,False,wavelet,s_transform,36,-0.8730555555555556,-0.9722222222222222,-0.7607916666666669,0.0009995002498750624,0.005997001499250375
flicker,qualification_pass,double_tolerance,False,wavelet,vmd,36,-0.027777777777777776,-0.1388888888888889,0.055555555555555566,0.7876061969015492,0.7876061969015492
flicker,qualification_pass,double_tolerance,False,s_transform,vmd,36,0.8452777777777778,0.7183333333333334,0.9505555555555555,0.0009995002498750624,0.005997001499250375
harmonics,qualification_pass,half_tolerance,False,stft,wavelet,27,-0.028148148148148148,-0.1622222222222222,0.09,0.6846576711644178,1.0
harmonics,qualification_pass,half_tolerance,False,stft,s_transform,27,-0.02851851851851852,-0.13297222222222221,0.06815740740740736,0.5627186406796602,1.0
harmonics,qualification_pass,half_tolerance,False,stft,vmd,27,-0.010740740740740742,-0.1262962962962963,0.10111111111111111,0.8395802098950524,1.0
harmonics,qualification_pass,half_tolerance,False,wavelet,s_transform,27,-0.00037037037037037035,-0.15518518518518518,0.14777777777777779,1.0,1.0
harmonics,qualification_pass,half_tolerance,False,wavelet,vmd,27,0.017407407407407406,-0.10814814814814815,0.14964814814814803,0.769615192403798,1.0
harmonics,qualification_pass,half_tolerance,False,s_transform,vmd,27,0.017777777777777778,-0.1074074074074074,0.15112037037037032,0.7996001999000499,1.0
harmonics,qualification_pass,primary_tolerance,True,stft,wavelet,27,-0.2574074074074074,-0.44407407407407407,-0.0710925925925927,0.015992003998001,0.095952023988006
harmonics,qualification_pass,primary_tolerance,True,stft,s_transform,27,-0.07296296296296297,-0.18518518518518517,0.0022222222222222296,0.24887556221889057,0.7466266866566718
harmonics,qualification_pass,primary_tolerance,True,stft,vmd,27,-0.050740740740740746,-0.22889814814814813,0.13337037037037014,0.5827086456771614,1.0
harmonics,qualification_pass,primary_tolerance,True,wavelet,s_transform,27,0.18444444444444447,-0.037037037037037035,0.4055555555555556,0.11594202898550725,0.463768115942029
harmonics,qualification_pass,primary_tolerance,True,wavelet,vmd,27,0.20666666666666667,0.006657407407407396,0.4111296296296295,0.04297851074462768,0.21489255372313842
harmonics,qualification_pass,primary_tolerance,True,s_transform,vmd,27,0.022222222222222216,-0.1908055555555556,0.23852777777777773,0.8395802098950524,1.0
harmonics,qualification_pass,double_tolerance,False,stft,wavelet,27,-0.36333333333333334,-0.5448148148148149,-0.1925925925925927,0.0009995002498750624,0.005997001499250375
harmonics,qualification_pass,double_tolerance,False,stft,s_transform,27,0.18740740740740744,0.011481481481481481,0.37037037037037035,0.041979010494752625,0.08395802098950525
harmonics,qualification_pass,double_tolerance,False,stft,vmd,27,-0.15148148148148147,-0.3607592592592593,0.0685370370370369,0.17191404297851073,0.17191404297851073
harmonics,qualification_pass,double_tolerance,False,wavelet,s_transform,27,0.5507407407407408,0.33222222222222214,0.7408333333333328,0.0009995002498750624,0.005997001499250375
harmonics,qualification_pass,double_tolerance,False,wavelet,vmd,27,0.21185185185185182,0.0766574074074073,0.35926851851851854,0.0009995002498750624,0.005997001499250375
harmonics,qualification_pass,double_tolerance,False,s_transform,vmd,27,-0.3388888888888889,-0.5555555555555556,-0.10259259259259257,0.005997001499250375,0.017991004497751123
impulsive_transient,qualification_pass,half_tolerance,False,stft,wavelet,34,-0.0002941176470588262,-0.1076544117647059,0.1082426470588235,0.9785107446276862,1.0
impulsive_transient,qualification_pass,half_tolerance,False,stft,s_transform,34,-0.015588235294117648,-0.13824264705882353,0.09411764705882353,0.8295852073963018,1.0
impulsive_transient,qualification_pass,half_tolerance,False,stft,vmd,34,0.06,-0.003823529411764706,0.1461985294117646,0.0879560219890055,0.4097951024487756
impulsive_transient,qualification_pass,half_tolerance,False,wavelet,s_transform,34,-0.015294117647058817,-0.13413235294117648,0.09853676470588234,0.7996001999000499,1.0
impulsive_transient,qualification_pass,half_tolerance,False,wavelet,vmd,34,0.06029411764705883,0.0032352941176470576,0.1394191176470588,0.029985007496251874,0.17991004497751123
impulsive_transient,qualification_pass,half_tolerance,False,s_transform,vmd,34,0.07558823529411764,-0.0005882352941176471,0.17441911764705878,0.08195902048975512,0.4097951024487756
impulsive_transient,qualification_pass,primary_tolerance,True,stft,wavelet,34,-0.11558823529411766,-0.2765220588235294,0.054433823529411646,0.17491254372813594,0.6996501749125438
impulsive_transient,qualification_pass,primary_tolerance,True,stft,s_transform,34,-0.06558823529411764,-0.2164705882352941,0.08443382352941166,0.36881559220389803,1.0
impulsive_transient,qualification_pass,primary_tolerance,True,stft,vmd,34,0.03852941176470588,-0.07300735294117645,0.15382352941176472,0.5477261369315343,1.0
impulsive_transient,qualification_pass,primary_tolerance,True,wavelet,s_transform,34,0.05,-0.13619852941176472,0.24,0.6286856571714143,1.0
impulsive_transient,qualification_pass,primary_tolerance,True,wavelet,vmd,34,0.15411764705882353,0.004992647058823548,0.301485294117647,0.04297851074462768,0.21489255372313842
impulsive_transient,qualification_pass,primary_tolerance,True,s_transform,vmd,34,0.10411764705882354,0.016470588235294126,0.20911764705882355,0.012993503248375811,0.07796101949025487
impulsive_transient,qualification_pass,double_tolerance,False,stft,wavelet,34,-0.01647058823529412,-0.21941176470588236,0.19942647058823526,0.9015492253873063,1.0
impulsive_transient,qualification_pass,double_tolerance,False,stft,s_transform,34,0.01617647058823529,-0.18,0.20823529411764696,0.8615692153923038,1.0
impulsive_transient,qualification_pass,double_tolerance,False,stft,vmd,34,0.1335294117647059,-0.05882352941176469,0.31005882352941144,0.16491754122938532,0.6596701649175413
impulsive_transient,qualification_pass,double_tolerance,False,wavelet,s_transform,34,0.03264705882352941,-0.19823529411764704,0.24618382352941168,0.7416291854072964,1.0
impulsive_transient,qualification_pass,double_tolerance,False,wavelet,vmd,34,0.15,-0.02941176470588236,0.3264705882352941,0.11694152923538231,0.5847076461769116
impulsive_transient,qualification_pass,double_tolerance,False,s_transform,vmd,34,0.11735294117647059,-0.0006691176470588384,0.26088235294117645,0.07496251874062969,0.4497751124437781
interruption,qualification_pass,half_tolerance,False,stft,wavelet,20,0.5905000000000001,0.39346250000000005,0.7830125,0.0009995002498750624,0.005997001499250375
interruption,qualification_pass,half_tolerance,False,stft,s_transform,20,0.5905000000000001,0.39346250000000005,0.7830125,0.0009995002498750624,0.005997001499250375
interruption,qualification_pass,half_tolerance,False,stft,vmd,20,0.5535000000000001,0.32994999999999997,0.7725374999999999,0.0009995002498750624,0.005997001499250375
interruption,qualification_pass,half_tolerance,False,wavelet,s_transform,20,0.0,0.0,0.0,1.0,1.0
interruption,qualification_pass,half_tolerance,False,wavelet,vmd,20,-0.037,-0.0925,-0.0009875000000000682,0.015992003998001,0.047976011994003
interruption,qualification_pass,half_tolerance,False,s_transform,vmd,20,-0.037,-0.0925,-0.0009875000000000682,0.015992003998001,0.047976011994003
interruption,qualification_pass,primary_tolerance,True,stft,wavelet,20,0.6195,0.30399999999999994,0.8780000000000001,0.0009995002498750624,0.005997001499250375
interruption,qualification_pass,primary_tolerance,True,stft,s_transform,20,0.657,0.36849999999999994,0.9135,0.0009995002498750624,0.005997001499250375
interruption,qualification_pass,primary_tolerance,True,stft,vmd,20,0.7165,0.47796250000000007,0.9200124999999998,0.0009995002498750624,0.005997001499250375
interruption,qualification_pass,primary_tolerance,True,wavelet,s_transform,20,0.0375,0.0,0.11050000000000001,0.24287856071964017,0.48575712143928035
interruption,qualification_pass,primary_tolerance,True,wavelet,vmd,20,0.097,-0.0105,0.23401249999999993,0.08895552223888056,0.26686656671664166
interruption,qualification_pass,primary_tolerance,True,s_transform,vmd,20,0.0595,-0.04550000000000001,0.2020125,0.34782608695652173,0.48575712143928035
interruption,qualification_pass,double_tolerance,False,stft,wavelet,20,0.5980000000000001,0.397,0.7995000000000001,0.0009995002498750624,0.005997001499250375
interruption,qualification_pass,double_tolerance,False,stft,s_transform,20,0.5980000000000001,0.397,0.7995000000000001,0.0009995002498750624,0.005997001499250375
interruption,qualification_pass,double_tolerance,False,stft,vmd,20,0.5885,0.3949875000000001,0.7815124999999999,0.0009995002498750624,0.005997001499250375
interruption,qualification_pass,double_tolerance,False,wavelet,s_transform,20,0.0,0.0,0.0,1.0,1.0
interruption,qualification_pass,double_tolerance,False,wavelet,vmd,20,-0.009499999999999996,-0.08249999999999996,0.0605,0.8215892053973014,1.0
interruption,qualification_pass,double_tolerance,False,s_transform,vmd,20,-0.009499999999999996,-0.08249999999999996,0.0605,0.8215892053973014,1.0
notching,qualification_pass,half_tolerance,False,stft,wavelet,21,0.07714285714285715,-0.06861904761904761,0.23809523809523805,0.33983008495752126,1.0
notching,qualification_pass,half_tolerance,False,stft,s_transform,21,0.07190476190476189,-0.08248809523809522,0.23809523809523808,0.3748125937031484,1.0
notching,qualification_pass,half_tolerance,False,stft,vmd,21,-0.022380952380952383,-0.08,0.012857142857142845,0.6976511744127936,1.0
notching,qualification_pass,half_tolerance,False,wavelet,s_transform,21,-0.005238095238095238,-0.14238095238095236,0.12571428571428572,0.9525237381309345,1.0
notching,qualification_pass,half_tolerance,False,wavelet,vmd,21,-0.09952380952380951,-0.28380952380952384,0.06669047619047608,0.2128935532233883,1.0
notching,qualification_pass,half_tolerance,False,s_transform,vmd,21,-0.09428571428571428,-0.28380952380952384,0.049523809523809526,0.42978510744627685,1.0
notching,qualification_pass,primary_tolerance,True,stft,wavelet,21,-0.003333333333333331,-0.14619047619047618,0.1395238095238095,0.9015492253873063,1.0
notching,qualification_pass,primary_tolerance,True,stft,s_transform,21,-0.003809523809523813,-0.19047619047619047,0.17904761904761907,0.9145427286356822,1.0
notching,qualification_pass,primary_tolerance,True,stft,vmd,21,-0.004285714285714287,-0.11285714285714288,0.11571428571428571,0.895552223888056,1.0
notching,qualification_pass,primary_tolerance,True,wavelet,s_transform,21,-0.0004761904761904766,-0.23809523809523808,0.2366666666666667,0.9165417291354323,1.0
notching,qualification_pass,primary_tolerance,True,wavelet,vmd,21,-0.0009523809523809558,-0.14285714285714285,0.12571428571428572,0.9055472263868066,1.0
notching,qualification_pass,primary_tolerance,True,s_transform,vmd,21,-0.0004761904761904872,-0.15907142857142856,0.15904761904761902,0.993503248375812,1.0
notching,qualification_pass,double_tolerance,False,stft,wavelet,21,-0.04380952380952381,-0.13142857142857145,0.0,0.7336331834082959,1.0
notching,qualification_pass,double_tolerance,False,stft,s_transform,21,-0.047619047619047616,-0.2857142857142857,0.19047619047619047,0.8905547226386806,1.0
notching,qualification_pass,double_tolerance,False,stft,vmd,21,0.047619047619047616,0.0,0.14285714285714285,0.7336331834082959,1.0
notching,qualification_pass,double_tolerance,False,wavelet,s_transform,21,-0.003809523809523813,-0.2419047619047619,0.23428571428571432,0.9965017491254373,1.0
notching,qualification_pass,double_tolerance,False,wavelet,vmd,21,0.09142857142857143,0.0,0.2304761904761905,0.271864067966017,1.0
notching,qualification_pass,double_tolerance,False,s_transform,vmd,21,0.09523809523809523,-0.14285714285714285,0.3333333333333333,0.5367316341829086,1.0
oscillatory_transient,qualification_pass,half_tolerance,False,stft,wavelet,27,0.0,0.0,0.0,1.0,1.0
oscillatory_transient,qualification_pass,half_tolerance,False,stft,s_transform,27,-0.037037037037037035,-0.14814814814814814,0.07407407407407407,0.8125937031484258,1.0
oscillatory_transient,qualification_pass,half_tolerance,False,stft,vmd,27,0.037037037037037035,0.0,0.1111111111111111,0.7136431784107946,1.0
oscillatory_transient,qualification_pass,half_tolerance,False,wavelet,s_transform,27,-0.037037037037037035,-0.14814814814814814,0.07407407407407407,0.8125937031484258,1.0
oscillatory_transient,qualification_pass,half_tolerance,False,wavelet,vmd,27,0.037037037037037035,0.0,0.1111111111111111,0.7136431784107946,1.0
oscillatory_transient,qualification_pass,half_tolerance,False,s_transform,vmd,27,0.07407407407407407,0.0,0.18518518518518517,0.2318840579710145,1.0
oscillatory_transient,qualification_pass,primary_tolerance,True,stft,wavelet,27,0.037037037037037035,0.0,0.1111111111111111,0.7476261869065467,1.0
oscillatory_transient,qualification_pass,primary_tolerance,True,stft,s_transform,27,-0.037037037037037035,-0.18518518518518517,0.1111111111111111,0.8205897051474262,1.0
oscillatory_transient,qualification_pass,primary_tolerance,True,stft,vmd,27,0.015555555555555553,-0.1111111111111111,0.14814814814814814,0.9625187406296851,1.0
oscillatory_transient,qualification_pass,primary_tolerance,True,wavelet,s_transform,27,-0.07407407407407407,-0.2222222222222222,0.07407407407407407,0.4587706146926537,1.0
oscillatory_transient,qualification_pass,primary_tolerance,True,wavelet,vmd,27,-0.021481481481481483,-0.1325925925925926,0.07407407407407407,0.7926036981509246,1.0
oscillatory_transient,qualification_pass,primary_tolerance,True,s_transform,vmd,27,0.05259259259259259,0.0,0.14222222222222222,0.26786606696651677,1.0
oscillatory_transient,qualification_pass,double_tolerance,False,stft,wavelet,27,0.0,0.0,0.0,1.0,1.0
oscillatory_transient,qualification_pass,double_tolerance,False,stft,s_transform,27,-0.037037037037037035,-0.2222222222222222,0.1111111111111111,0.8185907046476761,1.0
oscillatory_transient,qualification_pass,double_tolerance,False,stft,vmd,27,0.0,-0.14814814814814814,0.14814814814814814,1.0,1.0
oscillatory_transient,qualification_pass,double_tolerance,False,wavelet,s_transform,27,-0.037037037037037035,-0.2222222222222222,0.1111111111111111,0.8185907046476761,1.0
oscillatory_transient,qualification_pass,double_tolerance,False,wavelet,vmd,27,0.0,-0.14814814814814814,0.14814814814814814,1.0,1.0
oscillatory_transient,qualification_pass,double_tolerance,False,s_transform,vmd,27,0.037037037037037035,0.0,0.1111111111111111,0.7476261869065467,1.0
sag,qualification_pass,half_tolerance,False,stft,wavelet,19,-0.1957894736842105,-0.3910657894736842,-0.038421052631578946,0.025987006496751622,0.15592203898050974
sag,qualification_pass,half_tolerance,False,stft,s_transform,19,-0.010526315789473684,-0.03157894736842106,0.0,0.719640179910045,1.0
sag,qualification_pass,half_tolerance,False,stft,vmd,19,-0.05263157894736842,-0.15789473684210525,0.0,0.7166416791604198,1.0
sag,qualification_pass,half_tolerance,False,wavelet,s_transform,19,0.18526315789473685,0.038421052631578946,0.368473684210526,0.025987006496751622,0.15592203898050974
sag,qualification_pass,half_tolerance,False,wavelet,vmd,19,0.1431578947368421,-0.06684210526315788,0.3542105263157895,0.24987506246876562,0.9995002498750625
sag,qualification_pass,half_tolerance,False,s_transform,vmd,19,-0.042105263157894736,-0.15789473684210525,0.03157894736842106,0.7166416791604198,1.0
sag,qualification_pass,primary_tolerance,True,stft,wavelet,19,-0.32052631578947366,-0.5310526315789473,-0.11473684210526316,0.001999000499750125,0.01199400299850075
sag,qualification_pass,primary_tolerance,True,stft,s_transform,19,-0.2621052631578948,-0.47263157894736846,-0.1031578947368421,0.0069965017491254375,0.03498250874562719
sag,qualification_pass,primary_tolerance,True,stft,vmd,19,-0.05263157894736842,-0.15789473684210525,0.0,0.7406296851574213,1.0
sag,qualification_pass,primary_tolerance,True,wavelet,s_transform,19,0.05842105263157894,-0.20947368421052637,0.32052631578947366,0.5977011494252874,1.0
sag,qualification_pass,primary_tolerance,True,wavelet,vmd,19,0.26789473684210524,0.05263157894736842,0.5263157894736842,0.025987006496751622,0.10394802598700649
sag,qualification_pass,primary_tolerance,True,s_transform,vmd,19,0.2094736842105263,-0.0010526315789473606,0.47055263157894733,0.11694152923538231,0.35082458770614694
sag,qualification_pass,double_tolerance,False,stft,wavelet,19,-0.33789473684210525,-0.5437368421052632,-0.15310526315789502,0.001999000499750125,0.01199400299850075
sag,qualification_pass,double_tolerance,False,stft,s_transform,19,-0.3273684210526316,-0.5358026315789474,-0.13417105263157916,0.001999000499750125,0.01199400299850075
sag,qualification_pass,double_tolerance,False,stft,vmd,19,-0.07684210526315789,-0.2394736842105263,0.056842105263157895,0.3238380809595202,0.6476761619190404
sag,qualification_pass,double_tolerance,False,wavelet,s_transform,19,0.010526315789473682,-0.2778947368421052,0.27599999999999886,0.9625187406296851,0.9625187406296851
sag,qualification_pass,double_tolerance,False,wavelet,vmd,19,0.26105263157894737,-0.05263157894736842,0.5263157894736843,0.10794602698650675,0.32383808095952027
sag,qualification_pass,double_tolerance,False,s_transform,vmd,19,0.25052631578947365,0.0,0.5136842105263157,0.06596701649175413,0.2638680659670165
swell,qualification_pass,half_tolerance,False,stft,wavelet,18,-0.050555555555555555,-0.17444444444444446,0.025555555555555557,0.4617691154422789,0.9235382308845578
swell,qualification_pass,half_tolerance,False,stft,s_transform,18,-0.26499999999999996,-0.48754166666666665,-0.07277777777777777,0.005997001499250375,0.035982008995502246
swell,qualification_pass,half_tolerance,False,stft,vmd,18,-0.09833333333333333,-0.2777777777777778,0.025555555555555557,0.2448775612193903,0.895552223888056
swell,qualification_pass,half_tolerance,False,wavelet,s_transform,18,-0.21444444444444444,-0.4444444444444444,0.023333333333333345,0.12393803098450774,0.6196901549225388
swell,qualification_pass,half_tolerance,False,wavelet,vmd,18,-0.04777777777777778,-0.22222222222222224,0.12666666666666668,0.7656171914042978,0.9235382308845578
swell,qualification_pass,half_tolerance,False,s_transform,vmd,18,0.16666666666666666,-0.05555555555555555,0.3888888888888889,0.223888055972014,0.895552223888056
swell,qualification_pass,primary_tolerance,True,stft,wavelet,18,-0.10722222222222223,-0.38888888888888884,0.1572916666666663,0.4267866066966517,1.0
swell,qualification_pass,primary_tolerance,True,stft,s_transform,18,-0.2872222222222222,-0.5250138888888888,-0.06944444444444448,0.0079960019990005,0.047976011994003
swell,qualification_pass,primary_tolerance,True,stft,vmd,18,-0.04000000000000001,-0.22255555555555556,0.1311111111111111,0.736631684157921,1.0
swell,qualification_pass,primary_tolerance,True,wavelet,s_transform,18,-0.18000000000000002,-0.45777777777777773,0.09777777777777777,0.2128935532233883,0.8515742128935532
swell,qualification_pass,primary_tolerance,True,wavelet,vmd,18,0.06722222222222222,-0.2222222222222222,0.34529166666666516,0.6586706646676662,1.0
swell,qualification_pass,primary_tolerance,True,s_transform,vmd,18,0.24722222222222223,-0.03055555555555553,0.5,0.09795102448775612,0.4897551224387806
swell,qualification_pass,double_tolerance,False,stft,wavelet,18,0.065,0.0,0.18388888888888888,0.07096451774112944,0.3548225887056472
swell,qualification_pass,double_tolerance,False,stft,s_transform,18,0.05555555555555555,-0.11111111111111116,0.2222222222222222,0.8035982008995503,1.0
swell,qualification_pass,double_tolerance,False,stft,vmd,18,0.2222222222222222,0.05555555555555558,0.4444444444444444,0.013993003498250875,0.08395802098950525
swell,qualification_pass,double_tolerance,False,wavelet,s_transform,18,-0.009444444444444446,-0.2300000000000001,0.21223611111111113,0.8285857071464268,1.0
swell,qualification_pass,double_tolerance,False,wavelet,vmd,18,0.1572222222222222,-0.06500000000000006,0.3872222222222223,0.2448775612193903,0.8595702148925537
swell,qualification_pass,double_tolerance,False,s_transform,vmd,18,0.16666666666666666,-0.05555555555555558,0.38888888888888895,0.21489255372313842,0.8595702148925537
oscillatory_transient,primary_frequency_availability,not_applicable,False,stft,wavelet,27,0.0,0.0,0.0,1.0,1.0
oscillatory_transient,primary_frequency_availability,not_applicable,False,stft,s_transform,27,0.0,0.0,0.0,1.0,1.0
oscillatory_transient,primary_frequency_availability,not_applicable,False,stft,vmd,27,0.27259259259259255,0.1233333333333333,0.445574074074074,0.0009995002498750624,0.005997001499250375
oscillatory_transient,primary_frequency_availability,not_applicable,False,wavelet,s_transform,27,0.0,0.0,0.0,1.0,1.0
oscillatory_transient,primary_frequency_availability,not_applicable,False,wavelet,vmd,27,0.27259259259259255,0.1233333333333333,0.445574074074074,0.0009995002498750624,0.005997001499250375
oscillatory_transient,primary_frequency_availability,not_applicable,False,s_transform,vmd,27,0.27259259259259255,0.1233333333333333,0.445574074074074,0.0009995002498750624,0.005997001499250375
