condition_id,source_condition_id,partition,stage,stratum,parameters_json,phase_deg,snr_db,position_quantile,seed_namespace,noise_realizations,outcomes_generated,pooled_median_normalized_error,pooled_iqr_normalized_error,transform_failures,retention_reasons
DEV-FOR-FLICKER-001,DEV-BRO-FLICKER-003,development,formal_repeatability,flicker,"{""modulation_depth"":0.0406049919128418,""modulation_frequency_hz"":6.603689779298172}",90.0,20.0,0.5349116143386271,3963288380,100,False,0.07420297263249034,0.16343060290423445,0,fixed_stratified_audit_sample
DEV-FOR-FLICKER-002,DEV-BRO-FLICKER-005,development,formal_repeatability,flicker,"{""modulation_depth"":0.0293549919128418,""modulation_frequency_hz"":22.937023112631504}",0.0,30.0,0.6525586731621565,3138798603,100,False,0.17412627427025987,0.3193706084170278,0,pooled_iqr_gt_0.25
DEV-FOR-FLICKER-003,DEV-BRO-FLICKER-006,development,formal_repeatability,flicker,"{""modulation_depth"":0.0743549919128418,""modulation_frequency_hz"":2.066652742261135}",45.0,30.0,0.7113822025739212,1407166500,100,False,0.2128332478996279,0.4329888713389868,0,pooled_iqr_gt_0.25;fixed_stratified_audit_sample
DEV-FOR-FLICKER-004,DEV-BRO-FLICKER-012,development,formal_repeatability,flicker,"{""modulation_depth"":0.0827924919128418,""modulation_frequency_hz"":7.5110971867055785}",135.0,40.0,0.06778358665696615,1837989626,100,False,0.037236272686468425,0.062033925684515476,0,fixed_stratified_audit_sample
DEV-FOR-FLICKER-005,DEV-BRO-FLICKER-014,development,formal_repeatability,flicker,"{""modulation_depth"":0.0715424919128418,""modulation_frequency_hz"":23.84443052003891}",45.0,50.0,0.18543064548049557,2556287873,100,False,0.21236235030742825,0.3689076467926873,0,pooled_iqr_gt_0.25;fixed_stratified_audit_sample
DEV-FOR-FLICKER-006,DEV-BRO-FLICKER-015,development,formal_repeatability,flicker,"{""modulation_depth"":0.0490424919128418,""modulation_frequency_hz"":2.9740601496685426}",90.0,50.0,0.24425417489226028,664249854,100,False,0.19677759695521707,0.39063516420294286,0,pooled_iqr_gt_0.25
DEV-FOR-FLICKER-007,DEV-BRO-FLICKER-020,development,formal_repeatability,flicker,"{""modulation_depth"":0.0884174919128418,""modulation_frequency_hz"":22.029615705224096}",135.0,20.0,0.5383718219510838,2213114485,100,False,0.1677237721711105,0.2740648614676756,0,pooled_iqr_gt_0.25;fixed_stratified_audit_sample
DEV-FOR-FLICKER-008,DEV-BRO-FLICKER-021,development,formal_repeatability,flicker,"{""modulation_depth"":0.0321674919128418,""modulation_frequency_hz"":8.418504594112985}",0.0,30.0,0.5971953513628485,4012365691,100,False,0.10011103519686988,0.18076238765515892,0,fixed_stratified_audit_sample
DEV-FOR-FLICKER-009,DEV-BRO-FLICKER-023,development,formal_repeatability,flicker,"{""modulation_depth"":0.0546674919128418,""modulation_frequency_hz"":24.751837927446317}",90.0,30.0,0.7148424101863778,1821824163,100,False,0.2040768901253981,0.39037385797458035,0,boundary;pooled_iqr_gt_0.25
DEV-FOR-FLICKER-010,DEV-BRO-FLICKER-024,development,formal_repeatability,flicker,"{""modulation_depth"":0.0996674919128418,""modulation_frequency_hz"":0.6551301085162793}",135.0,30.0,0.7736659395981426,2680919244,100,False,0.23838833876607196,0.49830085197027985,0,boundary;pooled_iqr_gt_0.25
DEV-FOR-FLICKER-011,DEV-BRO-FLICKER-025,development,formal_repeatability,flicker,"{""modulation_depth"":0.010194835662841796,""modulation_frequency_hz"":8.821796775182944}",0.0,40.0,0.8324894690099073,3785551381,100,False,0.10971790198576832,0.16278231159082707,0,boundary
DEV-FOR-FLICKER-012,DEV-BRO-FLICKER-027,development,formal_repeatability,flicker,"{""modulation_depth"":0.0326948356628418,""modulation_frequency_hz"":3.377352330738501}",90.0,40.0,0.9501365278334367,709035599,100,False,0.18972741735258955,0.37168367464212343,0,pooled_iqr_gt_0.25
DEV-FOR-FLICKER-013,DEV-BRO-FLICKER-028,development,formal_repeatability,flicker,"{""modulation_depth"":0.0776948356628418,""modulation_frequency_hz"":11.544018997405166}",135.0,40.0,0.0124202648576582,757821197,100,False,0.044036054704560776,0.11100744569055096,0,fixed_stratified_audit_sample
DEV-FOR-FLICKER-014,DEV-BRO-FLICKER-030,development,formal_repeatability,flicker,"{""modulation_depth"":0.0664448356628418,""modulation_frequency_hz"":6.099574552960724}",45.0,50.0,0.13006732368118762,897185902,100,False,0.0947791043197331,0.1665183374482701,0,fixed_stratified_audit_sample
DEV-FOR-FLICKER-015,DEV-BRO-FLICKER-032,development,formal_repeatability,flicker,"{""modulation_depth"":0.0889448356628418,""modulation_frequency_hz"":22.432907886294053}",135.0,50.0,0.24771438250471703,455152055,100,False,0.1772656206175368,0.32147269157722125,0,pooled_iqr_gt_0.25
DEV-FOR-FLICKER-016,DEV-BRO-FLICKER-033,development,formal_repeatability,flicker,"{""modulation_depth"":0.0158198356628418,""modulation_frequency_hz"":1.5625375159236867}",0.0,20.0,0.3065379119164817,433556332,100,False,0.22195946965193836,0.4563535852674618,0,pooled_iqr_gt_0.25
DEV-FOR-FLICKER-017,DEV-BRO-FLICKER-035,development,formal_repeatability,flicker,"{""modulation_depth"":0.0383198356628418,""modulation_frequency_hz"":17.89587084925702}",90.0,20.0,0.4241849707400111,822097857,100,False,0.08041496083320004,0.13259537147354156,0,fixed_stratified_audit_sample
DEV-FOR-FLICKER-018,DEV-BRO-FLICKER-036,development,formal_repeatability,flicker,"{""modulation_depth"":0.0833198356628418,""modulation_frequency_hz"":4.28475973814591}",135.0,20.0,0.4830085001517758,3076289765,100,False,0.16469552407331575,0.31895208708040573,0,pooled_iqr_gt_0.25
DEV-FOR-FLICKER-019,DEV-BRO-FLICKER-037,development,formal_repeatability,flicker,"{""modulation_depth"":0.027069835662841796,""modulation_frequency_hz"":12.451426404812574}",0.0,30.0,0.5418320295635406,1383743290,100,False,0.03529165030350434,0.025380603302148027,0,fixed_stratified_audit_sample
DEV-FOR-FLICKER-020,DEV-BRO-FLICKER-041,development,formal_repeatability,flicker,"{""modulation_depth"":0.013007335662841797,""modulation_frequency_hz"":23.34031529370146}",0.0,40.0,0.7771261472105994,1265016111,100,False,0.19178621862018552,0.36411352749333936,0,pooled_iqr_gt_0.25
DEV-FOR-FLICKER-021,DEV-BRO-FLICKER-042,development,formal_repeatability,flicker,"{""modulation_depth"":0.0580073356628418,""modulation_frequency_hz"":2.469944923331094}",45.0,40.0,0.8359496766223641,3851649887,100,False,0.20561696600621246,0.4142843039313545,0,pooled_iqr_gt_0.25
DEV-FOR-FLICKER-022,DEV-BRO-FLICKER-043,development,formal_repeatability,flicker,"{""modulation_depth"":0.0355073356628418,""modulation_frequency_hz"":10.63661158999776}",90.0,40.0,0.8947732060341288,3253846834,100,False,0.07278473081695881,0.08697638920884572,0,fixed_stratified_audit_sample
DEV-FOR-FLICKER-023,DEV-BRO-FLICKER-045,development,formal_repeatability,flicker,"{""modulation_depth"":0.0242573356628418,""modulation_frequency_hz"":5.1921671455533165}",0.0,50.0,0.015880472470114947,3240862562,100,False,0.1650812622610716,0.3183400794989161,0,pooled_iqr_gt_0.25
DEV-FOR-FLICKER-024,DEV-BRO-FLICKER-046,development,formal_repeatability,flicker,"{""modulation_depth"":0.0692573356628418,""modulation_frequency_hz"":13.35883381221998}",45.0,50.0,0.07470400188187966,1473989466,100,False,0.01389910429303335,0.011683861686147606,0,fixed_stratified_audit_sample
DEV-FOR-FLICKER-025,DEV-BRO-FLICKER-047,development,formal_repeatability,flicker,"{""modulation_depth"":0.046757335662841806,""modulation_frequency_hz"":21.525500478886645}",90.0,50.0,0.13352753129364436,988311307,100,False,0.14714764048386764,0.27008673481542034,0,pooled_iqr_gt_0.25
DEV-FOR-FLICKER-026,DEV-BRO-FLICKER-050,development,formal_repeatability,flicker,"{""modulation_depth"":0.06363233566284181,""modulation_frequency_hz"":24.24772270110887}",45.0,20.0,0.30999811952893847,254059898,100,False,0.3757013469788611,0.3708108377348908,0,pooled_iqr_gt_0.25
DEV-FOR-FLICKER-027,DEV-BRO-FLICKER-051,development,formal_repeatability,flicker,"{""modulation_depth"":0.0411323356628418,""modulation_frequency_hz"":0.9575992443187482}",90.0,20.0,0.36882164894070313,261567898,100,False,0.23291209951376057,0.48431572626018854,0,pooled_iqr_gt_0.25
DEV-FOR-FLICKER-028,DEV-BRO-FLICKER-054,development,formal_repeatability,flicker,"{""modulation_depth"":0.0748823356628418,""modulation_frequency_hz"":3.679821466540971}",45.0,30.0,0.5452922371759973,738166768,100,False,0.1846981438845123,0.3570853479352088,0,pooled_iqr_gt_0.25
DEV-FOR-FLICKER-029,DEV-BRO-FLICKER-057,development,formal_repeatability,flicker,"{""modulation_depth"":0.011601085662841798,""modulation_frequency_hz"":6.402043688763193}",0.0,40.0,0.7217628254112913,971956252,100,False,0.14035350886204825,0.26926717075105616,0,pooled_iqr_gt_0.25
DEV-FOR-FLICKER-030,DEV-BRO-FLICKER-059,development,formal_repeatability,flicker,"{""modulation_depth"":0.0341010856628418,""modulation_frequency_hz"":22.735377022096525}",90.0,40.0,0.8394098842348208,2423927522,100,False,0.17412627427025987,0.30522172174273,0,pooled_iqr_gt_0.25;fixed_stratified_audit_sample
DEV-FOR-FLICKER-031,DEV-BRO-FLICKER-060,development,formal_repeatability,flicker,"{""modulation_depth"":0.0791010856628418,""modulation_frequency_hz"":1.8650066517261559}",135.0,40.0,0.8982334136465855,1833909049,100,False,0.21648372945945216,0.4423477390369277,0,pooled_iqr_gt_0.25;fixed_stratified_audit_sample
DEV-FOR-FLICKER-032,DEV-BRO-FLICKER-063,development,formal_repeatability,flicker,"{""modulation_depth"":0.0453510856628418,""modulation_frequency_hz"":4.587228873948378}",90.0,50.0,0.0781642094943364,2866299891,100,False,0.15281051087437858,0.2993072087884989,0,pooled_iqr_gt_0.25
DEV-FOR-FLICKER-033,DEV-BRO-FLICKER-065,development,formal_repeatability,flicker,"{""modulation_depth"":0.017226085662841797,""modulation_frequency_hz"":20.92056220728171}",0.0,20.0,0.1958112683178658,150710565,100,False,0.25577124447595667,0.29443736034029505,0,pooled_iqr_gt_0.25
DEV-FOR-FLICKER-034,DEV-BRO-FLICKER-068,development,formal_repeatability,flicker,"{""modulation_depth"":0.0847260856628418,""modulation_frequency_hz"":23.64278442950393}",135.0,20.0,0.3722818565531599,3522139232,100,False,0.19618839699187562,0.3351715503735723,0,pooled_iqr_gt_0.25
DEV-FOR-FLICKER-035,DEV-BRO-FLICKER-069,development,formal_repeatability,flicker,"{""modulation_depth"":0.0284760856628418,""modulation_frequency_hz"":2.772414059133563}",0.0,30.0,0.4311053859649246,2550532476,100,False,0.20040892675415437,0.3999523694893723,0,pooled_iqr_gt_0.25
DEV-FOR-FLICKER-036,DEV-BRO-FLICKER-071,development,formal_repeatability,flicker,"{""modulation_depth"":0.05097608566284181,""modulation_frequency_hz"":19.105747392466895}",90.0,30.0,0.5487524447884541,3804854772,100,False,0.10923302753354466,0.1654870895606694,0,fixed_stratified_audit_sample
DEV-FOR-HARMONICS-037,DEV-BRO-HARMONICS-002,development,formal_repeatability,harmonics,"{""a3_pu"":0.020972423553466797,""a5_pu"":0.05670155294755204,""a7_pu"":0.05101378048000001,""phi3_deg"":304.95631679220145,""phi5_deg"":77.16150897428878,""phi7_deg"":291.7626448446582}",45.0,20.0,0.1534746104713362,1510361098,100,False,0.3031665576475532,0.2930592844106308,0,pooled_iqr_gt_0.25
DEV-FOR-HARMONICS-038,DEV-BRO-HARMONICS-004,development,formal_repeatability,harmonics,"{""a3_pu"":0.0434724235534668,""a5_pu"":0.03670155294755203,""a7_pu"":0.08701378048,""phi3_deg"":4.7813896784988765,""phi5_deg"":142.61605442883425,""phi7_deg"":347.1472602292736}",135.0,20.0,0.27112166929486564,3178851876,100,False,0.1815918919214895,0.2584898199930803,0,boundary;pooled_iqr_gt_0.25
DEV-FOR-HARMONICS-039,DEV-BRO-HARMONICS-005,development,formal_repeatability,harmonics,"{""a3_pu"":0.0884724235534668,""a5_pu"":0.06670155294755203,""a7_pu"":0.01861378048,""phi3_deg"":56.2099611070703,""phi5_deg"":175.34332715610697,""phi7_deg"":16.96974543637422}",0.0,30.0,0.32994519870663036,499712829,100,False,0.32276834886645017,0.07311994193081378,0,boundary;fixed_stratified_audit_sample
DEV-FOR-HARMONICS-040,DEV-BRO-HARMONICS-006,development,formal_repeatability,harmonics,"{""a3_pu"":0.0322224235534668,""a5_pu"":0.09670155294755203,""a7_pu"":0.03661378048000001,""phi3_deg"":107.63853253564173,""phi5_deg"":208.07059988337969,""phi7_deg"":44.66205312868191}",45.0,30.0,0.38876872811839497,3861843585,100,False,0.28605915903158635,0.05650090804954183,0,fixed_stratified_audit_sample
DEV-FOR-HARMONICS-041,DEV-BRO-HARMONICS-008,development,formal_repeatability,harmonics,"{""a3_pu"":0.054722423553466806,""a5_pu"":0.041145997391996474,""a7_pu"":0.07261378047999999,""phi3_deg"":210.49567539278456,""phi5_deg"":273.52514533792515,""phi7_deg"":100.04666851329729}",135.0,30.0,0.5064157869419244,670811456,100,False,0.06140905164375497,0.046160359457670594,0,fixed_stratified_audit_sample
DEV-FOR-HARMONICS-042,DEV-BRO-HARMONICS-009,development,formal_repeatability,harmonics,"{""a3_pu"":0.0997224235534668,""a5_pu"":0.07114599739199648,""a7_pu"":0.09061378047999999,""phi3_deg"":261.92424682135595,""phi5_deg"":306.2524180651979,""phi7_deg"":127.73897620560498}",0.0,40.0,0.5652393163536891,3826747357,100,False,0.1571444220813304,0.19615218201260565,0,boundary;fixed_stratified_audit_sample
DEV-FOR-HARMONICS-043,DEV-BRO-HARMONICS-010,development,formal_repeatability,harmonics,"{""a3_pu"":0.010249767303466797,""a5_pu"":0.021145997391996477,""a7_pu"":0.02221378048,""phi3_deg"":313.3528182499274,""phi5_deg"":338.97969079247065,""phi7_deg"":155.43128389791266}",45.0,40.0,0.6240628457654538,191646029,100,False,0.18475802448910955,0.14266050805851166,0,boundary
DEV-FOR-HARMONICS-044,DEV-BRO-HARMONICS-011,development,formal_repeatability,harmonics,"{""a3_pu"":0.055249767303466805,""a5_pu"":0.051145997391996476,""a7_pu"":0.04021378048000001,""phi3_deg"":12.12832845400908,""phi5_deg"":14.68217013131357,""phi7_deg"":183.12359159022037}",90.0,40.0,0.6828863751772185,806568718,100,False,0.1116390020443224,0.051601007929956505,0,boundary
DEV-FOR-HARMONICS-045,DEV-BRO-HARMONICS-018,development,formal_repeatability,harmonics,"{""a3_pu"":0.015874767303466798,""a5_pu"":0.07447933072532982,""a7_pu"":0.07981378048,""phi3_deg"":19.475267229519282,""phi5_deg"":243.77307922222266,""phi7_deg"":19.099922951167123}",45.0,20.0,0.09811128867202824,97266230,100,False,0.5474670686934311,0.23779211641872466,0,pooled_median_error_gt_0.50
DEV-FOR-HARMONICS-046,DEV-BRO-HARMONICS-020,development,formal_repeatability,harmonics,"{""a3_pu"":0.0383747673034668,""a5_pu"":0.05447933072532981,""a7_pu"":0.01213378048,""phi3_deg"":122.33241008666214,""phi5_deg"":309.22762467676813,""phi7_deg"":74.4845383357825}",135.0,20.0,0.21575834749555764,1232459932,100,False,0.1575339148659205,0.23288539965471644,0,boundary
DEV-FOR-HARMONICS-047,DEV-BRO-HARMONICS-021,development,formal_repeatability,harmonics,"{""a3_pu"":0.0833747673034668,""a5_pu"":0.0844793307253298,""a7_pu"":0.030133780480000004,""phi3_deg"":173.76098151523357,""phi5_deg"":341.9548974040409,""phi7_deg"":102.1768460280902}",0.0,30.0,0.27458187690732233,2971939879,100,False,0.21239911855977825,0.09470713559522756,0,fixed_stratified_audit_sample
DEV-FOR-HARMONICS-048,DEV-BRO-HARMONICS-025,development,formal_repeatability,harmonics,"{""a3_pu"":0.0946247673034668,""a5_pu"":0.017812664058663146,""a7_pu"":0.01573378048,""phi3_deg"":26.822206005029493,""phi5_deg"":115.83919492470197,""phi7_deg"":212.94607679732098}",0.0,40.0,0.5098759945543812,3023809506,100,False,0.47776640641480217,0.047586843092542186,0,fixed_stratified_audit_sample
DEV-FOR-HARMONICS-049,DEV-BRO-HARMONICS-034,development,formal_repeatability,harmonics,"{""a3_pu"":0.018687267303466797,""a5_pu"":0.01225710850310759,""a7_pu"":0.09133378047999999,""phi3_deg"":137.02628763768254,""phi5_deg"":53.35985608172679,""phi7_deg"":104.30702354288309}",45.0,20.0,0.04274796687272028,1976079641,100,False,0.4328466699221254,0.2584066921539626,0,pooled_iqr_gt_0.25
DEV-FOR-HARMONICS-050,DEV-BRO-HARMONICS-036,development,formal_repeatability,harmonics,"{""a3_pu"":0.0411872673034668,""a5_pu"":0.07225710850310758,""a7_pu"":0.04093378048000001,""phi3_deg"":239.88343049482538,""phi5_deg"":118.81440153627223,""phi7_deg"":159.69163892749847}",135.0,20.0,0.1603950256962497,227490170,100,False,0.20136405262778434,0.2357650685084527,0,fixed_stratified_audit_sample
DEV-FOR-HARMONICS-051,DEV-BRO-HARMONICS-038,development,formal_repeatability,harmonics,"{""a3_pu"":0.029937267303466797,""a5_pu"":0.05225710850310759,""a7_pu"":0.07693378047999999,""phi3_deg"":342.74057335196824,""phi5_deg"":184.26894699081774,""phi7_deg"":215.0762543121139}",45.0,30.0,0.27804208451977913,1788921699,100,False,0.22835004371143194,0.12559577518660928,0,fixed_stratified_audit_sample
DEV-FOR-HARMONICS-052,DEV-BRO-HARMONICS-041,development,formal_repeatability,harmonics,"{""a3_pu"":0.0974372673034668,""a5_pu"":0.062257108503107596,""a7_pu"":0.04453378048000001,""phi3_deg"":144.37322641319275,""phi5_deg"":282.4507651726359,""phi7_deg"":298.15317738903695}",0.0,40.0,0.4545126727550732,1031183124,100,False,0.33341535478548656,0.0956118228614215,0,fixed_stratified_audit_sample
DEV-FOR-HARMONICS-053,DEV-BRO-HARMONICS-042,development,formal_repeatability,harmonics,"{""a3_pu"":0.011656017303466798,""a5_pu"":0.09225710850310759,""a7_pu"":0.06253378048,""phi3_deg"":195.80179784176414,""phi5_deg"":315.17803789990865,""phi7_deg"":325.8454850813447}",45.0,40.0,0.5133362021668378,2738313221,100,False,0.5417982321052528,0.05226420610619198,0,pooled_median_error_gt_0.50;fixed_stratified_audit_sample
DEV-FOR-HARMONICS-054,DEV-BRO-HARMONICS-043,development,formal_repeatability,harmonics,"{""a3_pu"":0.0566560173034668,""a5_pu"":0.015590441836440923,""a7_pu"":0.08053378048,""phi3_deg"":247.2303692703356,""phi5_deg"":347.9053106271814,""phi7_deg"":353.53779277365237}",90.0,40.0,0.5721597315786026,1871798267,100,False,0.06308044056077501,0.05229180527304125,0,fixed_stratified_audit_sample
DEV-FOR-HARMONICS-055,DEV-BRO-HARMONICS-050,development,formal_repeatability,harmonics,"{""a3_pu"":0.017281017303466796,""a5_pu"":0.06559044183644092,""a7_pu"":0.01645378048,""phi3_deg"":254.5773080458458,""phi5_deg"":219.9714263296607,""phi7_deg"":189.51412413459906}",45.0,20.0,0.9839244374609555,2092485881,100,False,0.3190803915026528,0.3050472093118445,0,pooled_iqr_gt_0.25;fixed_stratified_audit_sample
DEV-FOR-HARMONICS-056,DEV-BRO-HARMONICS-051,development,formal_repeatability,harmonics,"{""a3_pu"":0.06228101730346681,""a5_pu"":0.09559044183644091,""a7_pu"":0.03445378048000001,""phi3_deg"":306.0058794744172,""phi5_deg"":252.6986990569334,""phi7_deg"":217.20643182690677}",90.0,20.0,0.046208174485177035,493577106,100,False,0.13700079765536236,0.12717597598802227,0,fixed_stratified_audit_sample
DEV-FOR-HARMONICS-057,DEV-BRO-HARMONICS-052,development,formal_repeatability,harmonics,"{""a3_pu"":0.0397810173034668,""a5_pu"":0.018923775169774257,""a7_pu"":0.05245378048000001,""phi3_deg"":357.43445090298866,""phi5_deg"":285.4259717842062,""phi7_deg"":244.89873951921444}",135.0,20.0,0.10503170389694175,3277752807,100,False,0.101554690559044,0.16796144692591733,0,boundary
DEV-FOR-HARMONICS-058,DEV-BRO-HARMONICS-053,development,formal_repeatability,harmonics,"{""a3_pu"":0.08478101730346681,""a5_pu"":0.04892377516977425,""a7_pu"":0.07045378048,""phi3_deg"":5.830952360714619,""phi5_deg"":318.1532445114789,""phi7_deg"":272.5910472115221}",0.0,30.0,0.16385523330870644,4055557876,100,False,0.22335177013379046,0.08302485422359213,0,fixed_stratified_audit_sample
DEV-FOR-HARMONICS-059,DEV-BRO-HARMONICS-060,development,formal_repeatability,harmonics,"{""a3_pu"":0.0369685173034668,""a5_pu"":0.09892377516977426,""a7_pu"":0.02365378048,""phi3_deg"":13.177891136224824,""phi5_deg"":190.21936021395823,""phi7_deg"":108.56737857246888}",135.0,40.0,0.5756199391910594,2854204577,100,False,0.21923631774837135,0.014803610541954143,0,boundary;fixed_stratified_audit_sample
DEV-FOR-HARMONICS-060,DEV-BRO-HARMONICS-061,development,formal_repeatability,harmonics,"{""a3_pu"":0.0819685173034668,""a5_pu"":0.010405256651255737,""a7_pu"":0.04165378048000001,""phi3_deg"":64.60646256479625,""phi5_deg"":222.94663294123092,""phi7_deg"":136.25968626477658}",0.0,50.0,0.6344434686028241,2516371778,100,False,0.35345336883171696,0.014552930942083986,0,boundary
DEV-FOR-HARMONICS-061,DEV-BRO-HARMONICS-065,development,formal_repeatability,harmonics,"{""a3_pu"":0.09321851730346681,""a5_pu"":0.05040525665125573,""a7_pu"":0.027253780480000003,""phi3_deg"":270.32074827908195,""phi5_deg"":353.85572385032185,""phi7_deg"":247.02891703400735}",0.0,20.0,0.8697375862498828,3961845735,100,False,0.2666044502876713,0.13879130553002356,0,boundary
DEV-FOR-HARMONICS-062,DEV-BRO-HARMONICS-068,development,formal_repeatability,harmonics,"{""a3_pu"":0.042593517303466805,""a5_pu"":0.06040525665125574,""a7_pu"":0.08125378048,""phi3_deg"":71.95340134030644,""phi5_deg"":95.01274864371027,""phi7_deg"":330.10584011093044}",135.0,20.0,0.04966838209763378,138943256,100,False,0.2367236317160627,0.2525383789194441,0,pooled_iqr_gt_0.25
DEV-FOR-HARMONICS-063,DEV-BRO-HARMONICS-069,development,formal_repeatability,harmonics,"{""a3_pu"":0.0875935173034668,""a5_pu"":0.09040525665125573,""a7_pu"":0.09925378048,""phi3_deg"":123.38197276887787,""phi5_deg"":127.74002137098296,""phi7_deg"":357.7981478032381}",0.0,30.0,0.10849191150939849,2736809319,100,False,0.10365295536504716,0.09686612498480256,0,boundary
DEV-FOR-IMPULSIVE-TRANSIENT-064,DEV-BRO-IMPULSIVE-TRANSIENT-001,development,formal_repeatability,impulsive_transient,"{""absolute_amplitude_pu"":0.877802848815918,""polarity"":0.07615334399999996,""width_ms"":1.1757911038102065}",0.0,20.0,0.5023569274934025,1185757864,100,False,0.41158152699902845,0.43184175889402654,0,pooled_iqr_gt_0.25
DEV-FOR-IMPULSIVE-TRANSIENT-065,DEV-BRO-IMPULSIVE-TRANSIENT-002,development,formal_repeatability,impulsive_transient,"{""absolute_amplitude_pu"":0.31530284881591797,""polarity"":0.4761533440000001,""width_ms"":1.8091244371435398}",45.0,20.0,0.5611804569051673,1780301593,100,False,0.27390970601535936,0.2661003585215889,0,pooled_iqr_gt_0.25
DEV-FOR-IMPULSIVE-TRANSIENT-066,DEV-BRO-IMPULSIVE-TRANSIENT-009,development,formal_repeatability,impulsive_transient,"{""absolute_amplitude_pu"":0.786396598815918,""polarity"":-0.947846656,""width_ms"":0.6128281408472436}",0.0,40.0,0.9729451627875202,44775734,100,False,0.1766562746159765,0.23519426663769416,0,fixed_stratified_audit_sample
DEV-FOR-IMPULSIVE-TRANSIENT-067,DEV-BRO-IMPULSIVE-TRANSIENT-010,development,formal_repeatability,impulsive_transient,"{""absolute_amplitude_pu"":0.22389659881591797,""polarity"":-0.547846656,""width_ms"":1.2461614741805769}",45.0,40.0,0.03522889981174161,696811149,100,False,0.15961570299638883,0.05898259325488864,0,fixed_stratified_audit_sample
DEV-FOR-IMPULSIVE-TRANSIENT-068,DEV-BRO-IMPULSIVE-TRANSIENT-011,development,formal_repeatability,impulsive_transient,"{""absolute_amplitude_pu"":0.673896598815918,""polarity"":-0.1478466559999999,""width_ms"":1.87949480751391}",90.0,40.0,0.09405242922350632,3281396612,100,False,0.08878981329022403,0.12366802930137923,0,fixed_stratified_audit_sample
DEV-FOR-IMPULSIVE-TRANSIENT-069,DEV-BRO-IMPULSIVE-TRANSIENT-017,development,formal_repeatability,impulsive_transient,"{""absolute_amplitude_pu"":0.842646598815918,""polarity"":0.3321533440000002,""width_ms"":1.7387540667731693}",0.0,20.0,0.44699360569409446,88494530,100,False,0.4189303419597289,0.4467284551952151,0,pooled_iqr_gt_0.25
DEV-FOR-IMPULSIVE-TRANSIENT-070,DEV-BRO-IMPULSIVE-TRANSIENT-018,development,formal_repeatability,impulsive_transient,"{""absolute_amplitude_pu"":0.28014659881591797,""polarity"":0.7321533440000001,""width_ms"":0.6831985112176139}",45.0,20.0,0.5058171351058592,1717533169,100,False,0.28209939043488574,0.27971954373823993,0,pooled_iqr_gt_0.25
DEV-FOR-IMPULSIVE-TRANSIENT-071,DEV-BRO-IMPULSIVE-TRANSIENT-019,development,formal_repeatability,impulsive_transient,"{""absolute_amplitude_pu"":0.7301465988159179,""polarity"":-0.7878466559999999,""width_ms"":1.3165318445509473}",90.0,20.0,0.564640664517624,3960244252,100,False,0.2923003836316223,0.3920561131040956,0,pooled_iqr_gt_0.25
DEV-FOR-IMPULSIVE-TRANSIENT-072,DEV-BRO-IMPULSIVE-TRANSIENT-020,development,formal_repeatability,impulsive_transient,"{""absolute_amplitude_pu"":0.505146598815918,""polarity"":-0.3878466559999999,""width_ms"":1.9498651778842804}",135.0,20.0,0.6234641939293887,1750113226,100,False,0.22194747322345054,0.3051488187003357,0,pooled_iqr_gt_0.25;fixed_stratified_audit_sample
DEV-FOR-IMPULSIVE-TRANSIENT-073,DEV-BRO-IMPULSIVE-TRANSIENT-021,development,formal_repeatability,impulsive_transient,"{""absolute_amplitude_pu"":0.955146598815918,""polarity"":0.0121533439999999,""width_ms"":0.14369233837810783}",0.0,30.0,0.6822877233411534,3104223226,100,False,0.5121420486291939,0.25197868728019707,0,boundary;pooled_median_error_gt_0.50;pooled_iqr_gt_0.25
DEV-FOR-IMPULSIVE-TRANSIENT-074,DEV-BRO-IMPULSIVE-TRANSIENT-023,development,formal_repeatability,impulsive_transient,"{""absolute_amplitude_pu"":0.589521598815918,""polarity"":0.8121533439999999,""width_ms"":1.4103590050447743}",90.0,30.0,0.7999347821646827,203941378,100,False,0.13290600116182455,0.07121149863258067,0,fixed_stratified_audit_sample
DEV-FOR-IMPULSIVE-TRANSIENT-075,DEV-BRO-IMPULSIVE-TRANSIENT-029,development,formal_repeatability,impulsive_transient,"{""absolute_amplitude_pu"":0.927021598815918,""polarity"":-0.627846656,""width_ms"":1.8325812272669966}",0.0,50.0,0.15633616624772775,4293986866,100,False,0.1378948971545525,0.12339967506308223,0,fixed_stratified_audit_sample
DEV-FOR-IMPULSIVE-TRANSIENT-076,DEV-BRO-IMPULSIVE-TRANSIENT-030,development,formal_repeatability,impulsive_transient,"{""absolute_amplitude_pu"":0.195771598815918,""polarity"":-0.22784665599999998,""width_ms"":0.21406270874847816}",45.0,50.0,0.21515969565949244,3076964730,100,False,0.21210751506292497,0.09565053264412385,0,fixed_stratified_audit_sample
DEV-FOR-IMPULSIVE-TRANSIENT-077,DEV-BRO-IMPULSIVE-TRANSIENT-033,development,formal_repeatability,impulsive_transient,"{""absolute_amplitude_pu"":0.8707715988159179,""polarity"":0.9721533440000001,""width_ms"":0.42517381985958924}",0.0,20.0,0.39163028389478655,3646912318,100,False,0.5540629879928427,0.18475407996635984,0,pooled_median_error_gt_0.50
DEV-FOR-IMPULSIVE-TRANSIENT-078,DEV-BRO-IMPULSIVE-TRANSIENT-035,development,formal_repeatability,impulsive_transient,"{""absolute_amplitude_pu"":0.758271598815918,""polarity"":-0.531846656,""width_ms"":1.6918404865262557}",90.0,20.0,0.509277342718316,3330636125,100,False,0.34094574483282025,0.38964082724867827,0,pooled_iqr_gt_0.25;fixed_stratified_audit_sample
DEV-FOR-IMPULSIVE-TRANSIENT-079,DEV-BRO-IMPULSIVE-TRANSIENT-039,development,formal_repeatability,impulsive_transient,"{""absolute_amplitude_pu"":0.575459098815918,""polarity"":-0.851846656,""width_ms"":0.2844330791188485}",90.0,30.0,0.7445714603653748,3698926486,100,False,0.14295529807570212,0.19325701607226164,0,fixed_stratified_audit_sample
DEV-FOR-IMPULSIVE-TRANSIENT-080,DEV-BRO-IMPULSIVE-TRANSIENT-044,development,formal_repeatability,impulsive_transient,"{""absolute_amplitude_pu"":0.462959098815918,""polarity"":-0.771846656,""width_ms"":1.762210856896626}",135.0,40.0,0.0421493150366551,733850739,100,False,0.08130144951276957,0.03184772600067101,0,fixed_stratified_audit_sample
DEV-FOR-IMPULSIVE-TRANSIENT-081,DEV-BRO-IMPULSIVE-TRANSIENT-045,development,formal_repeatability,impulsive_transient,"{""absolute_amplitude_pu"":0.912959098815918,""polarity"":-0.3718466559999999,""width_ms"":0.7066553013410707}",0.0,50.0,0.10097284444841981,1830418262,100,False,0.19084304676591363,0.26348635152803335,0,pooled_iqr_gt_0.25;fixed_stratified_audit_sample
DEV-FOR-IMPULSIVE-TRANSIENT-082,DEV-BRO-IMPULSIVE-TRANSIENT-047,development,formal_repeatability,impulsive_transient,"{""absolute_amplitude_pu"":0.631709098815918,""polarity"":0.42815334400000005,""width_ms"":1.9733219680077372}",90.0,50.0,0.2186199032719492,2077832534,100,False,0.09754923182972058,0.07462953454256374,0,boundary
DEV-FOR-IMPULSIVE-TRANSIENT-083,DEV-BRO-IMPULSIVE-TRANSIENT-049,development,formal_repeatability,impulsive_transient,"{""absolute_amplitude_pu"":0.856709098815918,""polarity"":-0.6918466560000001,""width_ms"":0.8004824618348979}",0.0,20.0,0.3362669620954786,294256380,100,False,0.4707583089686529,0.3068798074578828,0,pooled_iqr_gt_0.25
DEV-FOR-IMPULSIVE-TRANSIENT-084,DEV-BRO-IMPULSIVE-TRANSIENT-050,development,formal_repeatability,impulsive_transient,"{""absolute_amplitude_pu"":0.29420909881591795,""polarity"":-0.29184665600000004,""width_ms"":1.433815795168231}",45.0,20.0,0.39509049150724324,1173516454,100,False,0.28246876274865257,0.22448503508377593,0,fixed_stratified_audit_sample
DEV-FOR-IMPULSIVE-TRANSIENT-085,DEV-BRO-IMPULSIVE-TRANSIENT-051,development,formal_repeatability,impulsive_transient,"{""absolute_amplitude_pu"":0.744209098815918,""polarity"":0.10815334399999998,""width_ms"":0.37826023961267574}",90.0,20.0,0.45391402091900795,732463964,100,False,0.32925888813807647,0.29472282265320937,0,pooled_iqr_gt_0.25
DEV-FOR-IMPULSIVE-TRANSIENT-086,DEV-BRO-IMPULSIVE-TRANSIENT-053,development,formal_repeatability,impulsive_transient,"{""absolute_amplitude_pu"":0.969209098815918,""polarity"":0.908153344,""width_ms"":1.6449269062793421}",0.0,30.0,0.5715610797425374,1077029481,100,False,0.21145252379713295,0.2681138463753851,0,pooled_iqr_gt_0.25
DEV-FOR-IMPULSIVE-TRANSIENT-087,DEV-BRO-IMPULSIVE-TRANSIENT-056,development,formal_repeatability,impulsive_transient,"{""absolute_amplitude_pu"":0.37858409881591804,""polarity"":0.18815334400000006,""width_ms"":1.8560380173904534}",135.0,30.0,0.7480316679778315,665381474,100,False,0.13121014702187653,0.13168168845197814,0,fixed_stratified_audit_sample
DEV-FOR-IMPULSIVE-TRANSIENT-088,DEV-BRO-IMPULSIVE-TRANSIENT-057,development,formal_repeatability,impulsive_transient,"{""absolute_amplitude_pu"":0.828584098815918,""polarity"":0.5881533440000002,""width_ms"":0.23751949887193496}",0.0,40.0,0.8068551973895962,268899199,100,False,0.34717909384813,0.25751703310138563,0,pooled_iqr_gt_0.25
DEV-FOR-IMPULSIVE-TRANSIENT-089,DEV-BRO-IMPULSIVE-TRANSIENT-058,development,formal_repeatability,impulsive_transient,"{""absolute_amplitude_pu"":0.266084098815918,""polarity"":0.9881533440000001,""width_ms"":0.8708528322052682}",45.0,40.0,0.8656787268013609,2773323546,100,False,0.14195484973300368,0.05962306819331517,0,boundary
DEV-FOR-IMPULSIVE-TRANSIENT-090,DEV-BRO-IMPULSIVE-TRANSIENT-059,development,formal_repeatability,impulsive_transient,"{""absolute_amplitude_pu"":0.716084098815918,""polarity"":-0.992646656,""width_ms"":1.5041861655386015}",90.0,40.0,0.9245022562131257,312277438,100,False,0.07420333426874678,0.11677110002269148,0,boundary
DEV-FOR-IMPULSIVE-TRANSIENT-091,DEV-BRO-IMPULSIVE-TRANSIENT-060,development,formal_repeatability,impulsive_transient,"{""absolute_amplitude_pu"":0.49108409881591797,""polarity"":-0.592646656,""width_ms"":0.44863060998304605}",135.0,40.0,0.9833257856248904,131597889,100,False,0.08883670492071924,0.02570704463269749,0,fixed_stratified_audit_sample
DEV-FOR-IMPULSIVE-TRANSIENT-092,DEV-BRO-IMPULSIVE-TRANSIENT-065,development,formal_repeatability,impulsive_transient,"{""absolute_amplitude_pu"":0.884834098815918,""polarity"":-0.512646656,""width_ms"":1.9264083877608236}",0.0,20.0,0.28090364029617065,2522299007,100,False,0.4361763060288678,0.4999442555761029,0,pooled_iqr_gt_0.25
DEV-FOR-IMPULSIVE-TRANSIENT-093,DEV-BRO-IMPULSIVE-TRANSIENT-066,development,formal_repeatability,impulsive_transient,"{""absolute_amplitude_pu"":0.322334098815918,""polarity"":-0.11264665600000001,""width_ms"":0.3078898692423053}",45.0,20.0,0.3397271697079354,2503150391,100,False,0.23419361051829563,0.31580772232251064,0,pooled_iqr_gt_0.25
DEV-FOR-IMPULSIVE-TRANSIENT-094,DEV-BRO-IMPULSIVE-TRANSIENT-067,development,formal_repeatability,impulsive_transient,"{""absolute_amplitude_pu"":0.772334098815918,""polarity"":0.287353344,""width_ms"":0.9412232025756386}",90.0,20.0,0.39855069911970004,177873642,100,False,0.28876527030074806,0.46807774307346117,0,pooled_iqr_gt_0.25
DEV-FOR-IMPULSIVE-TRANSIENT-095,DEV-BRO-IMPULSIVE-TRANSIENT-068,development,formal_repeatability,impulsive_transient,"{""absolute_amplitude_pu"":0.547334098815918,""polarity"":0.6873533439999999,""width_ms"":1.574556535908972}",135.0,20.0,0.45737422853146475,796597308,100,False,0.22601301027708395,0.25201943676019084,0,pooled_iqr_gt_0.25
DEV-FOR-IMPULSIVE-TRANSIENT-096,DEV-BRO-IMPULSIVE-TRANSIENT-069,development,formal_repeatability,impulsive_transient,"{""absolute_amplitude_pu"":0.997334098815918,""polarity"":-0.832646656,""width_ms"":0.5190009803534165}",0.0,30.0,0.5161977579432295,1145689179,100,False,0.3225930016552491,0.3655061996216658,0,boundary;pooled_iqr_gt_0.25;fixed_stratified_audit_sample
DEV-FOR-IMPULSIVE-TRANSIENT-097,DEV-BRO-IMPULSIVE-TRANSIENT-070,development,formal_repeatability,impulsive_transient,"{""absolute_amplitude_pu"":0.10260753631591797,""polarity"":-0.43264665599999996,""width_ms"":1.1523343136867497}",45.0,30.0,0.5750212873549942,2599015375,100,False,0.2908788742005234,0.049295684945646345,0,boundary
DEV-FOR-INTERRUPTION-098,DEV-BRO-INTERRUPTION-004,development,formal_repeatability,interruption,"{""duration_cycles"":25.56912432424295,""residual_voltage_pu"":0.05647869110107422}",135.0,20.0,0.8864279994393802,1488162868,100,False,0.07578704362099672,0.008174822573788237,0,fixed_stratified_audit_sample
DEV-FOR-INTERRUPTION-099,DEV-BRO-INTERRUPTION-016,development,formal_repeatability,interruption,"{""duration_cycles"":29.939494694613323,""residual_voltage_pu"":0.06585369110107422}",135.0,50.0,0.5957705599930134,2860066086,100,False,0.1593911715340287,0.043316633324793324,0,boundary
DEV-FOR-INTERRUPTION-100,DEV-BRO-INTERRUPTION-017,development,formal_repeatability,interruption,"{""duration_cycles"":0.6013602638863016,""residual_voltage_pu"":0.04085369110107422}",0.0,20.0,0.6545940894047781,360433109,100,False,0.40513679203609104,0.1734170985575425,0,boundary
DEV-FOR-INTERRUPTION-101,DEV-BRO-INTERRUPTION-019,development,formal_repeatability,interruption,"{""duration_cycles"":20.26802693055297,""residual_voltage_pu"":0.00960369110107422}",90.0,20.0,0.7722411482283075,1017571864,100,False,0.3620922413377662,0.0826201822175131,0,fixed_stratified_audit_sample
DEV-FOR-INTERRUPTION-102,DEV-BRO-INTERRUPTION-020,development,formal_repeatability,interruption,"{""duration_cycles"":3.879138041664079,""residual_voltage_pu"":0.05960369110107422}",135.0,20.0,0.8310646776400722,2559970905,100,False,0.09416704793743066,0.015614075746396144,0,fixed_stratified_audit_sample
DEV-FOR-INTERRUPTION-103,DEV-BRO-INTERRUPTION-023,development,formal_repeatability,interruption,"{""duration_cycles"":7.156915819441856,""residual_voltage_pu"":0.02210369110107422}",90.0,30.0,0.010995473487823069,1274214884,100,False,0.24878947315329988,0.05635905838844882,0,fixed_stratified_audit_sample
DEV-FOR-INTERRUPTION-104,DEV-BRO-INTERRUPTION-024,development,formal_repeatability,interruption,"{""duration_cycles"":16.990249152775196,""residual_voltage_pu"":0.07210369110107422}",135.0,30.0,0.06981900289958778,2354472317,100,False,0.21304219320019574,0.09256417340596315,0,fixed_stratified_audit_sample
DEV-FOR-INTERRUPTION-105,DEV-BRO-INTERRUPTION-027,development,formal_repeatability,interruption,"{""duration_cycles"":11.527286189812227,""residual_voltage_pu"":0.0017911911010742188}",90.0,40.0,0.24628959113488189,2160930407,100,False,0.43825039362593105,0.11673820291123616,0,fixed_stratified_audit_sample
DEV-FOR-INTERRUPTION-106,DEV-BRO-INTERRUPTION-033,development,formal_repeatability,interruption,"{""duration_cycles"":18.082841745367784,""residual_voltage_pu"":0.03929119110107422}",0.0,20.0,0.5992307676054702,2767117526,100,False,0.0904561676284496,0.027902997604520863,0,fixed_stratified_audit_sample
DEV-FOR-INTERRUPTION-107,DEV-BRO-INTERRUPTION-039,development,formal_repeatability,interruption,"{""duration_cycles"":15.8976565601826,""residual_voltage_pu"":0.02054119110107422}",90.0,30.0,0.9521719440760584,2621997712,100,False,0.2617995940161143,0.06128501598222946,0,fixed_stratified_audit_sample
DEV-FOR-INTERRUPTION-108,DEV-BRO-INTERRUPTION-046,development,formal_repeatability,interruption,"{""duration_cycles"":20.632224461417167,""residual_voltage_pu"":0.07991619110107423}",45.0,50.0,0.367396857570868,1568913569,100,False,0.29217476819759214,0.07639373265645438,0,fixed_stratified_audit_sample
DEV-FOR-INTERRUPTION-109,DEV-BRO-INTERRUPTION-048,development,formal_repeatability,interruption,"{""duration_cycles"":14.07666890586161,""residual_voltage_pu"":0.06741619110107422}",135.0,50.0,0.4850439163943974,1174138526,100,False,0.17435943642343257,0.06585644419097922,0,fixed_stratified_audit_sample
DEV-FOR-INTERRUPTION-110,DEV-BRO-INTERRUPTION-054,development,formal_repeatability,interruption,"{""duration_cycles"":11.891483720676424,""residual_voltage_pu"":0.08616619110107422}",45.0,30.0,0.8379850928649857,586921343,100,False,0.34821135545827203,0.283673107801622,0,pooled_iqr_gt_0.25
DEV-FOR-INTERRUPTION-111,DEV-BRO-INTERRUPTION-058,development,formal_repeatability,interruption,"{""duration_cycles"":25.002594831787537,""residual_voltage_pu"":0.09866619110107422}",45.0,40.0,0.07673941812450127,3245048811,100,False,0.46334575923095483,0.13043005889233433,0,boundary
DEV-FOR-INTERRUPTION-112,DEV-BRO-INTERRUPTION-059,development,formal_repeatability,interruption,"{""duration_cycles"":8.613705942898646,""residual_voltage_pu"":0.0010099411010742188}",90.0,40.0,0.135562947536266,3430764418,100,False,0.4459099347253765,0.11875138180273587,0,boundary;fixed_stratified_audit_sample
DEV-FOR-INTERRUPTION-113,DEV-BRO-INTERRUPTION-061,development,formal_repeatability,interruption,"{""duration_cycles"":28.280372609565315,""residual_voltage_pu"":0.02600994110107422}",0.0,50.0,0.25321000635979535,2874943759,100,False,0.21116657958964188,0.05664295493864446,0,fixed_stratified_audit_sample
DEV-FOR-INTERRUPTION-114,DEV-BRO-INTERRUPTION-064,development,formal_repeatability,interruption,"{""duration_cycles"":22.817409646602353,""residual_voltage_pu"":0.06350994110107422}",135.0,50.0,0.42968059459508945,947637991,100,False,0.1375952381301338,0.04747870072665897,0,fixed_stratified_audit_sample
DEV-FOR-INTERRUPTION-115,DEV-BRO-INTERRUPTION-065,development,formal_repeatability,interruption,"{""duration_cycles"":6.4285207577134615,""residual_voltage_pu"":0.038509941101074224}",0.0,20.0,0.48850412400685417,3215013719,100,False,0.09518878540918874,0.03318934279485855,0,fixed_stratified_audit_sample
DEV-FOR-INTERRUPTION-116,DEV-BRO-INTERRUPTION-070,development,formal_repeatability,interruption,"{""duration_cycles"":29.372965202157907,""residual_voltage_pu"":0.08225994110107422}",45.0,30.0,0.7826217710656778,4282979588,100,False,0.31021392692183886,0.1039481668786339,0,fixed_stratified_audit_sample
DEV-FOR-INTERRUPTION-117,DEV-BRO-INTERRUPTION-071,development,formal_repeatability,interruption,"{""duration_cycles"":1.3297553256146966,""residual_voltage_pu"":0.01975994110107422}",90.0,30.0,0.8414453004774425,4266185410,100,False,0.41017012734492786,0.29296415945729354,0,pooled_iqr_gt_0.25
DEV-FOR-NOTCHING-118,DEV-BRO-NOTCHING-003,development,formal_repeatability,notching,"{""depth_pu"":0.4424674987792969,""width_ms"":0.6406780809158495}",90.0,20.0,0.9161450765816558,3371785456,100,False,0.19098898002152032,0.34734217765007064,0,pooled_iqr_gt_0.25
DEV-FOR-NOTCHING-119,DEV-BRO-NOTCHING-007,development,formal_repeatability,notching,"{""depth_pu"":0.49246749877929685,""width_ms"":0.7740114142491828}",90.0,30.0,0.15489940184117132,3235470045,100,False,0.06660590838343097,0.04589386839645014,0,fixed_stratified_audit_sample
DEV-FOR-NOTCHING-120,DEV-BRO-NOTCHING-011,development,formal_repeatability,notching,"{""depth_pu"":0.4112174987792969,""width_ms"":0.3740114142491828}",90.0,40.0,0.3901935194882301,4102205514,100,False,0.23085765436541228,0.07537769250603915,0,fixed_stratified_audit_sample
DEV-FOR-NOTCHING-121,DEV-BRO-NOTCHING-018,development,formal_repeatability,notching,"{""depth_pu"":0.23621749877929688,""width_ms"":0.5184558586936272}",45.0,20.0,0.801958225370583,1788847295,100,False,0.12618791269943946,0.10619334896698975,0,fixed_stratified_audit_sample
DEV-FOR-NOTCHING-122,DEV-BRO-NOTCHING-019,development,formal_repeatability,notching,"{""depth_pu"":0.43621749877929694,""width_ms"":0.8184558586936274}",90.0,20.0,0.8607817547823478,515509555,100,False,0.2701957478812388,0.26715057863079805,0,pooled_iqr_gt_0.25
DEV-FOR-NOTCHING-123,DEV-BRO-NOTCHING-022,development,formal_repeatability,notching,"{""depth_pu"":0.2862174987792969,""width_ms"":0.9184558586936273}",45.0,30.0,0.04071255063009867,1714980957,100,False,0.10910034266840299,0.024378317698587754,0,fixed_stratified_audit_sample
DEV-FOR-NOTCHING-124,DEV-BRO-NOTCHING-023,development,formal_repeatability,notching,"{""depth_pu"":0.4862174987792969,""width_ms"":0.15178919202696067}",90.0,30.0,0.09953608004186337,1414917209,100,False,0.539562168017384,0.1188706910680628,0,pooled_median_error_gt_0.50
DEV-FOR-NOTCHING-125,DEV-BRO-NOTCHING-025,development,formal_repeatability,notching,"{""depth_pu"":0.3237174987792969,""width_ms"":0.7517891920269607}",0.0,40.0,0.21718313886539276,2116764773,100,False,0.0443899405327601,0.021210943564053154,0,fixed_stratified_audit_sample
DEV-FOR-NOTCHING-126,DEV-BRO-NOTCHING-026,development,formal_repeatability,notching,"{""depth_pu"":0.2237174987792969,""width_ms"":0.25178919202696065}",45.0,40.0,0.2760066682771575,3310567301,100,False,0.015374615569028263,0.021569912250009073,0,fixed_stratified_audit_sample
DEV-FOR-NOTCHING-127,DEV-BRO-NOTCHING-029,development,formal_repeatability,notching,"{""depth_pu"":0.37371749877929694,""width_ms"":0.3517891920269606}",0.0,50.0,0.45247725651245163,1206128967,100,False,0.18910981335498248,0.10370886499133167,0,fixed_stratified_audit_sample
DEV-FOR-NOTCHING-128,DEV-BRO-NOTCHING-034,development,formal_repeatability,notching,"{""depth_pu"":0.24871749877929689,""width_ms"":0.785122525360294}",45.0,20.0,0.7465949035712751,3407367854,100,False,0.17340660454091744,0.10590150253686287,0,fixed_stratified_audit_sample
DEV-FOR-NOTCHING-129,DEV-BRO-NOTCHING-039,development,formal_repeatability,notching,"{""depth_pu"":0.49871749877929694,""width_ms"":0.6851225253602939}",90.0,30.0,0.04417275824255541,3178941409,100,False,0.030878889537968024,0.06253949014728921,0,boundary
DEV-FOR-NOTCHING-130,DEV-BRO-NOTCHING-040,development,formal_repeatability,notching,"{""depth_pu"":0.10106124877929688,""width_ms"":0.9851225253602939}",135.0,30.0,0.10299628765432012,556567898,100,False,0.280137488559993,0.05401833078254603,0,boundary
DEV-FOR-NOTCHING-131,DEV-BRO-NOTCHING-041,development,formal_repeatability,notching,"{""depth_pu"":0.30106124877929685,""width_ms"":0.12956696980473845}",0.0,40.0,0.1618198170660848,1928276285,100,False,0.206616919453307,0.03336472516514019,0,fixed_stratified_audit_sample
DEV-FOR-NOTCHING-132,DEV-BRO-NOTCHING-042,development,formal_repeatability,notching,"{""depth_pu"":0.20106124877929688,""width_ms"":0.4295669698047384}",45.0,40.0,0.2206433464778495,1823189974,100,False,0.07893863962524156,0.03934868078337353,0,fixed_stratified_audit_sample
DEV-FOR-NOTCHING-133,DEV-BRO-NOTCHING-054,development,formal_repeatability,notching,"{""depth_pu"":0.2760612487792969,""width_ms"":0.5629003031380718}",45.0,30.0,0.926525699419026,2180301894,100,False,0.018704060491671753,0.007325267841755863,0,fixed_stratified_audit_sample
DEV-FOR-NOTCHING-134,DEV-BRO-NOTCHING-056,development,formal_repeatability,notching,"{""depth_pu"":0.11356124877929688,""width_ms"":0.36290030313807164}",135.0,30.0,0.047632965855012165,3303123884,100,False,0.24009877958837747,0.04016215631069883,0,fixed_stratified_audit_sample
DEV-FOR-NOTCHING-135,DEV-BRO-NOTCHING-060,development,formal_repeatability,notching,"{""depth_pu"":0.1635612487792969,""width_ms"":0.49623363647140506}",135.0,40.0,0.282927083502071,4113579652,100,False,0.15911715470196658,0.05703519402441182,0,fixed_stratified_audit_sample
DEV-FOR-NOTCHING-136,DEV-BRO-NOTCHING-064,development,formal_repeatability,notching,"{""depth_pu"":0.13856124877929688,""width_ms"":0.8962336364714051}",135.0,50.0,0.5182212011491298,3539488415,100,False,0.23482384062662678,0.07369594316845157,0,fixed_stratified_audit_sample
DEV-FOR-NOTCHING-137,DEV-BRO-NOTCHING-067,development,formal_repeatability,notching,"{""depth_pu"":0.4385612487792969,""width_ms"":0.9962336364714051}",90.0,20.0,0.694691789384424,335056213,100,False,0.3225840939501927,0.17372275373817353,0,boundary;fixed_stratified_audit_sample
DEV-FOR-NOTCHING-138,DEV-BRO-NOTCHING-068,development,formal_repeatability,notching,"{""depth_pu"":0.1885612487792969,""width_ms"":0.11104845128621993}",135.0,20.0,0.7535153187961886,2680902753,100,False,0.1454327917253104,0.07204866511236684,0,boundary
DEV-FOR-OSCILLATORY-TRANSIENT-139,DEV-BRO-OSCILLATORY-TRANSIENT-002,development,formal_repeatability,oscillatory_transient,"{""amplitude_pu"":0.6772722244262696,""frequency_hz"":2046.0397297159984,""support_ms"":5.803830522510665,""time_constant_ms"":8.690640384}",45.0,20.0,0.17994699466213848,1723880035,100,False,0.07941117585073959,0.13188258549263032,0,fixed_stratified_audit_sample
DEV-FOR-OSCILLATORY-TRANSIENT-140,DEV-BRO-OSCILLATORY-TRANSIENT-003,development,formal_repeatability,oscillatory_transient,"{""amplitude_pu"":0.23977222442626955,""frequency_hz"":2946.0397297159984,""support_ms"":8.518116236796379,""time_constant_ms"":1.470640384}",90.0,20.0,0.2387705240739032,3957764976,100,False,0.5326088095355224,0.20969303494301328,0,pooled_median_error_gt_0.50;fixed_stratified_audit_sample
DEV-FOR-OSCILLATORY-TRANSIENT-141,DEV-BRO-OSCILLATORY-TRANSIENT-012,development,formal_repeatability,oscillatory_transient,"{""amplitude_pu"":0.5678972244262696,""frequency_hz"":2779.373063049332,""support_ms"":14.334442767408621,""time_constant_ms"":9.450640384}",135.0,40.0,0.7681822887797856,1380965037,100,False,0.290369620480566,0.2722208823039878,0,pooled_iqr_gt_0.25;fixed_stratified_audit_sample
DEV-FOR-OSCILLATORY-TRANSIENT-142,DEV-BRO-OSCILLATORY-TRANSIENT-013,development,formal_repeatability,oscillatory_transient,"{""amplitude_pu"":0.3928972244262696,""frequency_hz"":479.37306304933185,""support_ms"":17.048728481694337,""time_constant_ms"":2.230640384}",0.0,50.0,0.8270058181915503,3443605707,100,False,0.38095458216376793,0.1468566156456983,0,fixed_stratified_audit_sample
DEV-FOR-OSCILLATORY-TRANSIENT-143,DEV-BRO-OSCILLATORY-TRANSIENT-015,development,formal_repeatability,oscillatory_transient,"{""amplitude_pu"":0.17414722442626956,""frequency_hz"":2279.373063049332,""support_ms"":1.2061628840266994,""time_constant_ms"":6.030640383999999}",90.0,50.0,0.9446528770150797,3516512571,100,False,0.1541720420755966,0.1616847312045776,0,boundary
DEV-FOR-OSCILLATORY-TRANSIENT-144,DEV-BRO-OSCILLATORY-TRANSIENT-019,development,formal_repeatability,oscillatory_transient,"{""amplitude_pu"":0.26164722442626953,""frequency_hz"":1079.373063049332,""support_ms"":12.063305741169554,""time_constant_ms"":2.6866403840000004}",90.0,20.0,0.18340720227459523,831328012,100,False,0.2133354922205799,0.22667735814243709,0,fixed_stratified_audit_sample
DEV-FOR-OSCILLATORY-TRANSIENT-145,DEV-BRO-OSCILLATORY-TRANSIENT-021,development,formal_repeatability,oscillatory_transient,"{""amplitude_pu"":0.4366472244262696,""frequency_hz"":2879.3730630493314,""support_ms"":17.49187716974098,""time_constant_ms"":6.486640383999999}",0.0,30.0,0.30105426109812466,1005669962,100,False,0.32126962634483924,0.2888830928595639,0,pooled_iqr_gt_0.25
DEV-FOR-OSCILLATORY-TRANSIENT-146,DEV-BRO-OSCILLATORY-TRANSIENT-025,development,formal_repeatability,oscillatory_transient,"{""amplitude_pu"":0.29445972442626955,""frequency_hz"":879.3730630493319,""support_ms"":9.73677512892466,""time_constant_ms"":4.966640384000001}",0.0,40.0,0.5363483787451835,1340905835,100,False,0.23279755959777718,0.11971225776371622,0,fixed_stratified_audit_sample
DEV-FOR-OSCILLATORY-TRANSIENT-147,DEV-BRO-OSCILLATORY-TRANSIENT-028,development,formal_repeatability,oscillatory_transient,"{""amplitude_pu"":0.5569597244262696,""frequency_hz"":1179.373063049332,""support_ms"":17.879632271781798,""time_constant_ms"":1.546640384}",135.0,40.0,0.7128189669804775,3762707588,100,False,0.17629845518354287,0.03250560356828425,0,fixed_stratified_audit_sample
DEV-FOR-OSCILLATORY-TRANSIENT-148,DEV-BRO-OSCILLATORY-TRANSIENT-030,development,formal_repeatability,oscillatory_transient,"{""amplitude_pu"":0.7319597244262696,""frequency_hz"":2979.373063049332,""support_ms"":4.6959588023940455,""time_constant_ms"":5.346640383999999}",45.0,50.0,0.830466025804007,1287586272,100,False,0.35186758698045606,0.2994915373356135,0,boundary;pooled_iqr_gt_0.25;fixed_stratified_audit_sample
DEV-FOR-OSCILLATORY-TRANSIENT-149,DEV-BRO-OSCILLATORY-TRANSIENT-031,development,formal_repeatability,oscillatory_transient,"{""amplitude_pu"":0.16320972442626955,""frequency_hz"":323.81750749377636,""support_ms"":7.410244516679762,""time_constant_ms"":7.246640383999999}",90.0,50.0,0.8892895552157717,4203298402,100,False,0.43844367966667197,0.15763224080429505,0,boundary
DEV-FOR-OSCILLATORY-TRANSIENT-150,DEV-BRO-OSCILLATORY-TRANSIENT-035,development,formal_repeatability,oscillatory_transient,"{""amplitude_pu"":0.25070972442626954,""frequency_hz"":1523.8175074937762,""support_ms"":18.267387373822615,""time_constant_ms"":5.726640383999999}",90.0,20.0,0.12804388047528728,2850405854,100,False,0.09090176544171008,0.2984006328615409,0,pooled_iqr_gt_0.25
DEV-FOR-OSCILLATORY-TRANSIENT-151,DEV-BRO-OSCILLATORY-TRANSIENT-038,development,formal_repeatability,oscillatory_transient,"{""amplitude_pu"":0.7757097244262696,""frequency_hz"":1823.8175074937762,""support_ms"":7.797999618720578,""time_constant_ms"":2.306640384}",45.0,30.0,0.3045144687105814,56267213,100,False,0.05897435418396732,0.010743816661387677,0,fixed_stratified_audit_sample
DEV-FOR-OSCILLATORY-TRANSIENT-152,DEV-BRO-OSCILLATORY-TRANSIENT-044,development,formal_repeatability,oscillatory_transient,"{""amplitude_pu"":0.5788347244262696,""frequency_hz"":1623.8175074937762,""support_ms"":5.471469006475678,""time_constant_ms"":2.7626403840000004}",135.0,40.0,0.6574556451811697,3939607242,100,False,0.03070907091020318,0.04725193185449844,0,fixed_stratified_audit_sample
DEV-FOR-OSCILLATORY-TRANSIENT-153,DEV-BRO-OSCILLATORY-TRANSIENT-046,development,formal_repeatability,oscillatory_transient,"{""amplitude_pu"":0.7538347244262695,""frequency_hz"":1023.8175074937764,""support_ms"":10.900040435047107,""time_constant_ms"":6.562640384}",45.0,50.0,0.775102704004699,4145174647,100,False,0.23391162390782266,0.03822188412815078,0,fixed_stratified_audit_sample
DEV-FOR-OSCILLATORY-TRANSIENT-154,DEV-BRO-OSCILLATORY-TRANSIENT-048,development,formal_repeatability,oscillatory_transient,"{""amplitude_pu"":0.5350847244262695,""frequency_hz"":2823.817507493776,""support_ms"":16.328611863618534,""time_constant_ms"":1.242640384}",135.0,50.0,0.8927497628282285,1787109013,100,False,0.30370480634691666,0.27833382433619347,0,pooled_iqr_gt_0.25
DEV-FOR-OSCILLATORY-TRANSIENT-155,DEV-BRO-OSCILLATORY-TRANSIENT-054,development,formal_repeatability,oscillatory_transient,"{""amplitude_pu"":0.7975847244262696,""frequency_hz"":2623.817507493776,""support_ms"":14.002081251373635,""time_constant_ms"":3.522640384000001}",45.0,30.0,0.24915114691127344,3827187440,100,False,0.24379113379587025,0.24554834798126476,0,boundary
DEV-FOR-OSCILLATORY-TRANSIENT-156,DEV-BRO-OSCILLATORY-TRANSIENT-055,development,formal_repeatability,oscillatory_transient,"{""amplitude_pu"":0.10168628692626953,""frequency_hz"":1123.8175074937762,""support_ms"":16.716366965659347,""time_constant_ms"":5.422640383999998}",90.0,30.0,0.30797467632303815,434935412,100,False,0.19687458687078568,0.2307602052458588,0,boundary
DEV-FOR-OSCILLATORY-TRANSIENT-157,DEV-BRO-OSCILLATORY-TRANSIENT-056,development,formal_repeatability,oscillatory_transient,"{""amplitude_pu"":0.45168628692626955,""frequency_hz"":2023.8175074937762,""support_ms"":19.430652679945062,""time_constant_ms"":7.322640383999999}",135.0,30.0,0.3667982057348028,1787457289,100,False,0.073186632864353,0.12383084755733148,0,fixed_stratified_audit_sample
DEV-FOR-OSCILLATORY-TRANSIENT-158,DEV-BRO-OSCILLATORY-TRANSIENT-058,development,formal_repeatability,oscillatory_transient,"{""amplitude_pu"":0.6266862869262696,""frequency_hz"":357.1508408271097,""support_ms"":6.2469792105573125,""time_constant_ms"":2.002640384}",45.0,40.0,0.48444526455833226,2272437382,100,False,0.4786806061256094,0.10940499218877009,0,fixed_stratified_audit_sample
DEV-FOR-OSCILLATORY-TRANSIENT-159,DEV-BRO-OSCILLATORY-TRANSIENT-061,development,formal_repeatability,oscillatory_transient,"{""amplitude_pu"":0.36418628692626953,""frequency_hz"":657.1508408271097,""support_ms"":14.389836353414452,""time_constant_ms"":7.7026403839999995}",0.0,50.0,0.6609158527936264,380362502,100,False,0.34982278324031324,0.08243403975783314,0,fixed_stratified_audit_sample
DEV-FOR-OSCILLATORY-TRANSIENT-160,DEV-BRO-OSCILLATORY-TRANSIENT-063,development,formal_repeatability,oscillatory_transient,"{""amplitude_pu"":0.14543628692626953,""frequency_hz"":2457.1508408271093,""support_ms"":19.81840778198588,""time_constant_ms"":2.382640384}",90.0,50.0,0.7785629116171557,463986005,100,False,0.1932950225149689,0.21734863329529192,0,boundary
DEV-FOR-OSCILLATORY-TRANSIENT-161,DEV-BRO-OSCILLATORY-TRANSIENT-066,development,formal_repeatability,oscillatory_transient,"{""amplitude_pu"":0.6704362869262696,""frequency_hz"":2757.1508408271097,""support_ms"":6.69012789860396,""time_constant_ms"":8.082640384}",45.0,20.0,0.9550334998524499,1525943306,100,False,0.28374172186354474,0.2702353408352504,0,pooled_iqr_gt_0.25
DEV-FOR-OSCILLATORY-TRANSIENT-162,DEV-BRO-OSCILLATORY-TRANSIENT-067,development,formal_repeatability,oscillatory_transient,"{""amplitude_pu"":0.23293628692626955,""frequency_hz"":457.1508408271097,""support_ms"":9.404413612889673,""time_constant_ms"":9.982640384}",90.0,20.0,0.017317236876671385,2085869405,100,False,0.4437881671176992,0.1690361892283787,0,boundary
DEV-FOR-OSCILLATORY-TRANSIENT-163,DEV-BRO-OSCILLATORY-TRANSIENT-068,development,formal_repeatability,oscillatory_transient,"{""amplitude_pu"":0.5829362869262695,""frequency_hz"":1357.1508408271097,""support_ms"":12.118699327175385,""time_constant_ms"":0.573840384}",135.0,20.0,0.0761407662884361,1214484470,100,False,0.11045483378436588,0.2523981363340412,0,boundary;pooled_iqr_gt_0.25
DEV-FOR-OSCILLATORY-TRANSIENT-164,DEV-BRO-OSCILLATORY-TRANSIENT-070,development,formal_repeatability,oscillatory_transient,"{""amplitude_pu"":0.7579362869262696,""frequency_hz"":757.1508408271096,""support_ms"":17.547270755746812,""time_constant_ms"":4.373840384000001}",45.0,30.0,0.19378782511196546,202664100,100,False,0.27578750480720504,0.10005582334863902,0,fixed_stratified_audit_sample
DEV-FOR-OSCILLATORY-TRANSIENT-165,DEV-BRO-OSCILLATORY-TRANSIENT-071,development,formal_repeatability,oscillatory_transient,"{""amplitude_pu"":0.12356128692626954,""frequency_hz"":1657.1508408271095,""support_ms"":1.6493115720733464,""time_constant_ms"":6.273840383999999}",90.0,30.0,0.2526113545237302,3834089596,100,False,0.051630385753235766,0.32988949721771493,0,pooled_iqr_gt_0.25
DEV-FOR-SAG-166,DEV-BRO-SAG-005,development,formal_repeatability,sag,"{""duration_cycles"":16.742954533052586,""residual_voltage_pu"":0.16413421630859376}",0.0,30.0,0.24505566405630988,283749373,100,False,0.12424951484063862,0.1338336836472403,0,fixed_stratified_audit_sample
DEV-FOR-SAG-167,DEV-BRO-SAG-009,development,formal_repeatability,sag,"{""duration_cycles"":29.854065644163697,""residual_voltage_pu"":0.2641342163085938}",0.0,40.0,0.48034978170336873,2419261945,100,False,0.11357399159268547,0.09006782972353013,0,boundary
DEV-FOR-SAG-168,DEV-BRO-SAG-010,development,formal_repeatability,sag,"{""duration_cycles"":0.8396623519826283,""residual_voltage_pu"":0.6641342163085937}",45.0,40.0,0.5391733111151334,2625317569,100,False,0.08937672087653045,0.0675486718207157,0,boundary;fixed_stratified_audit_sample
DEV-FOR-SAG-169,DEV-BRO-SAG-011,development,formal_repeatability,sag,"{""duration_cycles"":10.67299568531596,""residual_voltage_pu"":0.46413421630859375}",90.0,40.0,0.5979968405268982,901112331,100,False,0.08150676478966813,0.05514005808254814,0,fixed_stratified_audit_sample
DEV-FOR-SAG-170,DEV-BRO-SAG-018,development,formal_repeatability,sag,"{""duration_cycles"":27.06188457420485,""residual_voltage_pu"":0.6391342163085938}",45.0,20.0,0.01322175402170782,4166990426,100,False,0.05247362475028286,0.09348657691121098,0,fixed_stratified_audit_sample
DEV-FOR-SAG-171,DEV-BRO-SAG-026,development,formal_repeatability,sag,"{""duration_cycles"":18.32114383346411,""residual_voltage_pu"":0.6891342163085937}",45.0,40.0,0.4838099893158255,2782689855,100,False,0.1709834500097006,0.26689645178188925,0,pooled_iqr_gt_0.25
DEV-FOR-SAG-172,DEV-BRO-SAG-027,development,formal_repeatability,sag,"{""duration_cycles"":28.15447716679744,""residual_voltage_pu"":0.48913421630859377}",90.0,40.0,0.5426335187275902,4166805897,100,False,0.07926175276131334,0.06946258219283655,0,fixed_stratified_audit_sample
DEV-FOR-SAG-173,DEV-BRO-SAG-028,development,formal_repeatability,sag,"{""duration_cycles"":3.024847537167813,""residual_voltage_pu"":0.8891342163085938}",135.0,40.0,0.601457048139355,1839415422,100,False,0.43571907936838994,0.20168557700074535,0,boundary
DEV-FOR-SAG-174,DEV-BRO-SAG-029,development,formal_repeatability,sag,"{""duration_cycles"":12.858180870501146,""residual_voltage_pu"":0.10788421630859375}",0.0,50.0,0.6602805775511197,2671964846,100,False,0.13789516925490025,0.1531581120548326,0,boundary
DEV-FOR-SAG-175,DEV-BRO-SAG-032,development,formal_repeatability,sag,"{""duration_cycles"":16.135958648278923,""residual_voltage_pu"":0.7078842163085938}",135.0,50.0,0.8367511657864137,1082011453,100,False,0.2107485717005479,0.11737217982228515,0,fixed_stratified_audit_sample
DEV-FOR-SAG-176,DEV-BRO-SAG-034,development,formal_repeatability,sag,"{""duration_cycles"":9.580403092723369,""residual_voltage_pu"":0.6078842163085938}",45.0,20.0,0.9543982246099432,143093504,100,False,0.05540924118758811,0.08255635933725279,0,fixed_stratified_audit_sample
DEV-FOR-SAG-177,DEV-BRO-SAG-039,development,formal_repeatability,sag,"{""duration_cycles"":20.87052654951349,""residual_voltage_pu"":0.3578842163085938}",90.0,30.0,0.2519760792812234,614740963,100,False,0.09470734211812319,0.026920508089158565,0,fixed_stratified_audit_sample
DEV-FOR-SAG-178,DEV-BRO-SAG-041,development,formal_repeatability,sag,"{""duration_cycles"":14.314970993957937,""residual_voltage_pu"":0.25788421630859376}",0.0,40.0,0.3696231381047528,220220361,100,False,0.09891355401373203,0.07204946344024044,0,fixed_stratified_audit_sample
DEV-FOR-SAG-179,DEV-BRO-SAG-052,development,formal_repeatability,sag,"{""duration_cycles"":8.852008030994973,""residual_voltage_pu"":0.8328842163085938}",135.0,20.0,0.02014216924662132,2270027779,100,False,0.35715058329104643,0.20172171900208996,0,fixed_stratified_audit_sample
DEV-FOR-SAG-180,DEV-BRO-SAG-055,development,formal_repeatability,sag,"{""duration_cycles"":3.389045068032011,""residual_voltage_pu"":0.3828842163085938}",90.0,30.0,0.1966127574819154,4107009821,100,False,0.11889851307757882,0.051332122718542886,0,fixed_stratified_audit_sample
DEV-FOR-SAG-181,DEV-BRO-SAG-065,development,formal_repeatability,sag,"{""duration_cycles"":11.401390747044356,""residual_voltage_pu"":0.22038421630859376}",0.0,20.0,0.7848480515995625,1758432659,100,False,0.10922558227365961,0.12212011701703483,0,fixed_stratified_audit_sample
DEV-FOR-SAG-182,DEV-BRO-SAG-067,development,formal_repeatability,sag,"{""duration_cycles"":4.8458351914888,""residual_voltage_pu"":0.4203842163085938}",90.0,20.0,0.9024951104230919,1333458126,100,False,0.09157679863945924,0.01430248040409135,0,fixed_stratified_audit_sample
DEV-FOR-SAG-183,DEV-BRO-SAG-068,development,formal_repeatability,sag,"{""duration_cycles"":14.679168524822135,""residual_voltage_pu"":0.8203842163085938}",135.0,20.0,0.9613186398348567,1645956018,100,False,0.3546955861697346,0.1994554953408,0,fixed_stratified_audit_sample
DEV-FOR-SAG-184,DEV-BRO-SAG-071,development,formal_repeatability,sag,"{""duration_cycles"":17.956946302599913,""residual_voltage_pu"":0.37038421630859375}",90.0,30.0,0.14124943568260748,2962605832,100,False,0.09560928522598246,0.01680349822009025,0,fixed_stratified_audit_sample
DEV-FOR-SWELL-185,DEV-BRO-SWELL-006,development,formal_repeatability,swell,"{""duration_cycles"":7.6694901221396155,""event_voltage_pu"":1.3423967361450195}",45.0,30.0,0.6851126557111034,2367639512,100,False,0.10847565724774871,0.04279824151160325,0,fixed_stratified_audit_sample
DEV-FOR-SWELL-186,DEV-BRO-SWELL-012,development,formal_repeatability,swell,"{""duration_cycles"":5.48430493695443,""event_voltage_pu"":1.1127092361450197}",135.0,40.0,0.041514039794148284,2984928276,100,False,0.42285215989310554,0.1053407033934341,0,fixed_stratified_audit_sample
DEV-FOR-SWELL-187,DEV-BRO-SWELL-014,development,formal_repeatability,swell,"{""duration_cycles"":25.150971603621095,""event_voltage_pu"":1.2877092361450195}",45.0,50.0,0.1591610986176777,1427978814,100,False,0.12035482906105027,0.07725385805586912,0,fixed_stratified_audit_sample
DEV-FOR-SWELL-188,DEV-BRO-SWELL-017,development,formal_repeatability,swell,"{""duration_cycles"":28.428749381398873,""event_voltage_pu"":1.5502092361450197}",0.0,20.0,0.3356316868529718,176471957,100,False,0.12756139730207805,0.05655556612284862,0,fixed_stratified_audit_sample
DEV-FOR-SWELL-189,DEV-BRO-SWELL-018,development,formal_repeatability,swell,"{""duration_cycles"":3.2991197517692465,""event_voltage_pu"":1.3752092361450197}",45.0,20.0,0.3944552162647365,2141858300,100,False,0.14401977440167152,0.12639325871658724,0,fixed_stratified_audit_sample
DEV-FOR-SWELL-190,DEV-BRO-SWELL-026,development,formal_repeatability,swell,"{""duration_cycles"":29.521341973991465,""event_voltage_pu"":1.4189592361450196}",45.0,40.0,0.8650434515588542,1381629834,100,False,0.05790504376411837,0.02831900717992822,0,fixed_stratified_audit_sample
DEV-FOR-SWELL-191,DEV-BRO-SWELL-028,development,formal_repeatability,swell,"{""duration_cycles"":11.31146543078159,""event_voltage_pu"":1.1345842361450196}",135.0,40.0,0.9826905103823836,379245133,100,False,0.4588781919278516,0.1257436431648804,0,fixed_stratified_audit_sample
DEV-FOR-SWELL-192,DEV-BRO-SWELL-030,development,formal_repeatability,swell,"{""duration_cycles"":4.755909875226036,""event_voltage_pu"":1.3095842361450196}",45.0,50.0,0.10379777681836973,2928064653,100,False,0.10337125210068498,0.049054866624764146,0,fixed_stratified_audit_sample
DEV-FOR-SWELL-193,DEV-BRO-SWELL-036,development,formal_repeatability,swell,"{""duration_cycles"":2.5707246900408514,""event_voltage_pu"":1.1783342361450195}",135.0,20.0,0.4567389532889579,1129686371,100,False,0.33241834554484695,0.13907248619284163,0,fixed_stratified_audit_sample
DEV-FOR-SWELL-194,DEV-BRO-SWELL-042,development,formal_repeatability,swell,"{""duration_cycles"":9.126280245596405,""event_voltage_pu"":1.4408342361450197}",45.0,40.0,0.8096801297595462,2760306738,100,False,0.09681620724278886,0.10522431389337095,0,fixed_stratified_audit_sample
DEV-FOR-SWELL-195,DEV-BRO-SWELL-043,development,formal_repeatability,swell,"{""duration_cycles"":18.95961357892974,""event_voltage_pu"":1.7908342361450196}",90.0,40.0,0.8685036591713109,954246632,100,False,0.257879796688678,0.1751320398618879,0,boundary
DEV-FOR-SWELL-196,DEV-BRO-SWELL-044,development,formal_repeatability,swell,"{""duration_cycles"":28.79294691226307,""event_voltage_pu"":1.1072404861450196}",135.0,40.0,0.9273271885830756,3478011102,100,False,0.43053281017970746,0.15143436102124103,0,boundary
DEV-FOR-SWELL-197,DEV-BRO-SWELL-047,development,formal_repeatability,swell,"{""duration_cycles"":23.32998394930011,""event_voltage_pu"":1.6322404861450197}",90.0,50.0,0.10725798443082649,127292995,100,False,0.1260203521356053,0.1433537567426909,0,fixed_stratified_audit_sample
DEV-FOR-SWELL-198,DEV-BRO-SWELL-053,development,formal_repeatability,swell,"{""duration_cycles"":29.885539504855664,""event_voltage_pu"":1.5009904861450196}",0.0,30.0,0.4601991609014147,68538091,100,False,0.09756577310660106,0.05527498841796867,0,boundary
DEV-FOR-SWELL-199,DEV-BRO-SWELL-054,development,formal_repeatability,swell,"{""duration_cycles"":0.5474050741286427,""event_voltage_pu"":1.3259904861450196}",45.0,30.0,0.5190226903131795,1905549760,100,False,0.1319095516135265,0.043207058941947554,0,boundary;fixed_stratified_audit_sample
DEV-FOR-SWELL-200,DEV-BRO-SWELL-057,development,formal_repeatability,swell,"{""duration_cycles"":3.8251828519064204,""event_voltage_pu"":1.5884904861450195}",0.0,40.0,0.6954932785484736,3622618715,100,False,0.16943615004142637,0.01477458211084312,0,fixed_stratified_audit_sample
DEV-FOR-SWELL-201,DEV-BRO-SWELL-062,development,formal_repeatability,swell,"{""duration_cycles"":26.769627296350862,""event_voltage_pu"":1.3041154861450197}",45.0,50.0,0.9896109256072971,1981345337,100,False,0.09834692107469362,0.05269774951787963,0,fixed_stratified_audit_sample
DEV-FOR-SWELL-202,DEV-BRO-SWELL-069,development,formal_repeatability,swell,"{""duration_cycles"":8.19555322227679,""event_voltage_pu"":1.5228654861450197}",0.0,30.0,0.40483583910210674,227641230,100,False,0.10732981906564878,0.06052073625754362,0,fixed_stratified_audit_sample
