stratum,method,condition_n,covariates,target_effect,largest_absolute_nuisance_effect,target_minus_largest_nuisance,margin_bootstrap_ci_low,margin_bootstrap_ci_high,monotonic_positive,target_exceeds_largest_nuisance,point_margin_pass,physical_response_gate_pass,bootstrap_supportive_strict_pass
flicker,s_transform,36,modulation_frequency_hz;snr_db;position_quantile;modulation_depth;phase_45_vs_0;phase_90_vs_0;phase_135_vs_0,20.61072708643897,3.041325178460026,17.569401907978943,6.246582612544553,23.43731779029615,True,True,True,True,True
flicker,stft,36,modulation_frequency_hz;snr_db;position_quantile;modulation_depth;phase_45_vs_0;phase_90_vs_0;phase_135_vs_0,23.92247627928853,1.5366923926949556,22.385783886593575,19.19544372675602,23.92979868272347,True,True,True,True,True
flicker,vmd,36,modulation_frequency_hz;snr_db;position_quantile;modulation_depth;phase_45_vs_0;phase_90_vs_0;phase_135_vs_0,5.361367222996797,21.418676904058945,-16.057309681062147,-31.067205950269894,-4.132880318288615,True,False,False,False,False
flicker,wavelet,36,modulation_frequency_hz;snr_db;position_quantile;modulation_depth;phase_45_vs_0;phase_90_vs_0;phase_135_vs_0,4.288825610585905,26.462546661365558,-22.173721050779655,-36.8227360924738,-9.828552653156411,True,False,False,False,False
harmonics,s_transform,27,a3_pu;snr_db;position_quantile;a5_pu;a7_pu;phi3_deg;phi5_deg;phi7_deg;phase_45_vs_0;phase_90_vs_0;phase_135_vs_0,0.07935045223241338,0.06379153353827371,0.015558918694139667,-0.03337527527289911,0.032038329637801295,True,True,True,False,False
harmonics,stft,27,a3_pu;snr_db;position_quantile;a5_pu;a7_pu;phi3_deg;phi5_deg;phi7_deg;phase_45_vs_0;phase_90_vs_0;phase_135_vs_0,0.05598522439690489,0.03047041821583998,0.02551480618106491,-0.006189833593859965,0.03512715106287145,True,True,True,False,False
harmonics,vmd,27,a3_pu;snr_db;position_quantile;a5_pu;a7_pu;phi3_deg;phi5_deg;phi7_deg;phase_45_vs_0;phase_90_vs_0;phase_135_vs_0,0.0419453887517291,0.022936005134388295,0.019009383617340808,-0.02706747385807536,0.030036418928926216,True,True,True,False,False
harmonics,wavelet,27,a3_pu;snr_db;position_quantile;a5_pu;a7_pu;phi3_deg;phi5_deg;phi7_deg;phase_45_vs_0;phase_90_vs_0;phase_135_vs_0,0.05435073352304928,0.03334299102818895,0.021007742494860336,-0.0053165120189255085,0.04041646771761411,True,True,True,False,False
impulsive_transient,s_transform,34,absolute_amplitude_pu;snr_db;position_quantile;polarity;width_ms;phase_45_vs_0;phase_90_vs_0;phase_135_vs_0,1.6893721263991677,0.8637537163881711,0.8256184100109966,0.40816923032583546,1.1160677879533167,True,True,True,True,True
impulsive_transient,stft,34,absolute_amplitude_pu;snr_db;position_quantile;polarity;width_ms;phase_45_vs_0;phase_90_vs_0;phase_135_vs_0,0.9757259337788393,0.2832082376937157,0.6925176960851236,0.4777745076423127,0.8111421308726188,True,True,True,True,True
impulsive_transient,vmd,34,absolute_amplitude_pu;snr_db;position_quantile;polarity;width_ms;phase_45_vs_0;phase_90_vs_0;phase_135_vs_0,0.41774398313760797,0.3118898304335701,0.10585415270403786,-0.06803616357740327,0.2347575051531957,True,True,True,False,False
impulsive_transient,wavelet,34,absolute_amplitude_pu;snr_db;position_quantile;polarity;width_ms;phase_45_vs_0;phase_90_vs_0;phase_135_vs_0,0.492781927685719,0.39495305324402596,0.09782887444169303,-0.1445315338831924,0.2882125017896003,True,True,True,False,False
interruption,s_transform,20,residual_voltage_pu;snr_db;position_quantile;duration_cycles;phase_45_vs_0;phase_90_vs_0;phase_135_vs_0,0.12138703134307968,0.067861770477171,0.05352526086590868,0.021031184646514,0.09373647690459892,True,True,True,True,True
interruption,stft,20,residual_voltage_pu;snr_db;position_quantile;duration_cycles;phase_45_vs_0;phase_90_vs_0;phase_135_vs_0,0.12397223212621077,0.023953847601925475,0.1000183845242853,0.044913894735502224,0.11894209685329483,True,True,True,True,True
interruption,vmd,20,residual_voltage_pu;snr_db;position_quantile;duration_cycles;phase_45_vs_0;phase_90_vs_0;phase_135_vs_0,0.15027725057482463,0.08661184407774496,0.06366540649707968,0.021337378947625187,0.11170493344648642,True,True,True,True,True
interruption,wavelet,20,residual_voltage_pu;snr_db;position_quantile;duration_cycles;phase_45_vs_0;phase_90_vs_0;phase_135_vs_0,0.11007773563257149,0.05899692195250017,0.05108081368007132,0.02482067602615433,0.08263760100316828,True,True,True,True,True
notching,s_transform,21,depth_pu;snr_db;position_quantile;width_ms;phase_45_vs_0;phase_90_vs_0;phase_135_vs_0,0.4951437952741389,0.11846611246873118,0.3766776828054077,0.011453303293533728,0.4609140977288914,True,True,True,True,True
notching,stft,21,depth_pu;snr_db;position_quantile;width_ms;phase_45_vs_0;phase_90_vs_0;phase_135_vs_0,0.43087740465110946,0.16298141531126079,0.2678959893398487,-0.08464570054797034,0.41528377373198044,True,True,True,False,False
notching,vmd,21,depth_pu;snr_db;position_quantile;width_ms;phase_45_vs_0;phase_90_vs_0;phase_135_vs_0,0.44441459178233506,0.1508868067471311,0.29352778503520394,0.07222519214147945,0.44343751922023994,True,True,True,True,True
notching,wavelet,21,depth_pu;snr_db;position_quantile;width_ms;phase_45_vs_0;phase_90_vs_0;phase_135_vs_0,0.3527807955715583,0.14317949177918698,0.2096013037923713,-0.11760909968647909,0.31197033380272216,True,True,True,False,False
oscillatory_transient,s_transform,27,frequency_hz;snr_db;position_quantile;amplitude_pu;support_ms;time_constant_ms;phase_45_vs_0;phase_90_vs_0;phase_135_vs_0,924.3154883801858,962.5507062310866,-38.23521785090077,-1035.5385824923414,363.17437360715326,True,False,False,False,False
oscillatory_transient,stft,27,frequency_hz;snr_db;position_quantile;amplitude_pu;support_ms;time_constant_ms;phase_45_vs_0;phase_90_vs_0;phase_135_vs_0,-19.275257046878856,2261.8568842699055,-2281.1321413167843,-3544.4339309819634,-1368.3391128854805,False,False,False,False,False
oscillatory_transient,vmd,21,frequency_hz;snr_db;position_quantile;amplitude_pu;support_ms;time_constant_ms;phase_45_vs_0;phase_90_vs_0;phase_135_vs_0,1853.939516517747,1431.4724911435076,422.4670253742395,-1772.1867962721872,1452.8962921888312,True,True,True,False,False
oscillatory_transient,wavelet,27,frequency_hz;snr_db;position_quantile;amplitude_pu;support_ms;time_constant_ms;phase_45_vs_0;phase_90_vs_0;phase_135_vs_0,11.649472557810446,2283.286554923891,-2271.6370823660804,-3609.9310033420566,-1255.8225321125406,True,False,False,False,False
sag,s_transform,19,residual_voltage_pu;snr_db;position_quantile;duration_cycles;phase_45_vs_0;phase_90_vs_0;phase_135_vs_0,0.8475800846639449,0.14245786490559828,0.7051222197583465,-2.2477095930490476,0.9133980976160448,True,True,True,False,False
sag,stft,19,residual_voltage_pu;snr_db;position_quantile;duration_cycles;phase_45_vs_0;phase_90_vs_0;phase_135_vs_0,0.7853814189071093,0.3524514722419101,0.43292994666519924,-0.08887969520013064,0.5752893631451957,True,True,True,False,False
sag,vmd,19,residual_voltage_pu;snr_db;position_quantile;duration_cycles;phase_45_vs_0;phase_90_vs_0;phase_135_vs_0,0.7220001927683956,0.4126117731237511,0.3093884196446445,-2.2165453294575244,0.5606217456872824,True,True,True,False,False
sag,wavelet,19,residual_voltage_pu;snr_db;position_quantile;duration_cycles;phase_45_vs_0;phase_90_vs_0;phase_135_vs_0,0.8146268897671531,0.2049694918712934,0.6096573978958597,0.2179268587199726,0.8274316031772846,True,True,True,True,True
swell,s_transform,18,event_voltage_pu;snr_db;position_quantile;duration_cycles;phase_45_vs_0;phase_90_vs_0;phase_135_vs_0,2.2118961539516495,1.2809798649828066,0.9309162889688429,0.30227643492954537,1.5734852646765616,True,True,True,True,True
swell,stft,18,event_voltage_pu;snr_db;position_quantile;duration_cycles;phase_45_vs_0;phase_90_vs_0;phase_135_vs_0,2.192751016007869,1.3772539161489121,0.815497099858957,0.4753914116516547,1.200155924506875,True,True,True,True,True
swell,vmd,18,event_voltage_pu;snr_db;position_quantile;duration_cycles;phase_45_vs_0;phase_90_vs_0;phase_135_vs_0,2.1464448410334485,1.3469476594886358,0.7994971815448126,0.40770243710484455,1.2613486044269733,True,True,True,True,True
swell,wavelet,18,event_voltage_pu;snr_db;position_quantile;duration_cycles;phase_45_vs_0;phase_90_vs_0;phase_135_vs_0,2.1041772172667614,1.272854166073968,0.8313230511927934,0.4678541361762122,1.1406464318727374,True,True,True,True,True
