stratum,method,snr_db,conditions,records,availability,standardized_absolute_bias,standardized_rmse,pass_proportion_half_tolerance,pass_proportion_primary_tolerance,pass_proportion_double_tolerance,numerical_gates_pass,interpretation
flicker,s_transform,20.0,9,900,1.0,1.6467453659634579,4.20693437547065,0.78,0.8255555555555556,0.8255555555555556,False,exploratory SNR slice; not a frozen validity domain
flicker,s_transform,30.0,9,900,1.0,0.07134168922192245,0.3141984013604481,0.8888888888888888,1.0,1.0,True,exploratory SNR slice; not a frozen validity domain
flicker,s_transform,40.0,10,1000,1.0,0.024060250416761762,0.25447601069192516,1.0,1.0,1.0,True,exploratory SNR slice; not a frozen validity domain
flicker,s_transform,50.0,8,800,1.0,0.0013834015091214668,0.24086273909337252,1.0,1.0,1.0,True,exploratory SNR slice; not a frozen validity domain
flicker,stft,20.0,9,900,1.0,0.1650379337486074,0.2844991002833152,0.8888888888888888,1.0,1.0,True,exploratory SNR slice; not a frozen validity domain
flicker,stft,30.0,9,900,1.0,0.08868253583123459,0.24839135460933837,1.0,1.0,1.0,True,exploratory SNR slice; not a frozen validity domain
flicker,stft,40.0,10,1000,1.0,0.16104480833781354,1.256985405315688,0.791,0.991,0.991,False,exploratory SNR slice; not a frozen validity domain
flicker,stft,50.0,8,800,1.0,0.1341230270233942,0.2846582250566626,0.875,1.0,1.0,True,exploratory SNR slice; not a frozen validity domain
flicker,vmd,20.0,9,900,1.0,4.935038057022394,14.220601850916712,0.0,0.0,0.0,False,exploratory SNR slice; not a frozen validity domain
flicker,vmd,30.0,9,900,1.0,8.376798715033841,19.0210561214696,0.0,0.1111111111111111,0.1111111111111111,False,exploratory SNR slice; not a frozen validity domain
flicker,vmd,40.0,10,1000,1.0,3.847897477515768,7.737058666588267,0.0,0.0,0.2,False,exploratory SNR slice; not a frozen validity domain
flicker,vmd,50.0,8,800,1.0,0.8371639098580439,5.680451952261736,0.125,0.125,0.125,False,exploratory SNR slice; not a frozen validity domain
flicker,wavelet,20.0,9,900,1.0,5.968026496707447,17.420123309473976,0.0,0.0,0.0,False,exploratory SNR slice; not a frozen validity domain
flicker,wavelet,30.0,9,900,1.0,10.489521127222854,23.823221782223232,0.0022222222222222222,0.0022222222222222222,0.1111111111111111,False,exploratory SNR slice; not a frozen validity domain
flicker,wavelet,40.0,10,1000,1.0,3.9541134645411957,8.748442129156558,0.0,0.1,0.1,False,exploratory SNR slice; not a frozen validity domain
flicker,wavelet,50.0,8,800,1.0,1.1439670828710045,5.490339936017039,0.0,0.125,0.125,False,exploratory SNR slice; not a frozen validity domain
harmonics,s_transform,20.0,11,1100,1.0,5.235826957475765,5.680979687844897,0.09090909090909091,0.09090909090909091,0.09090909090909091,False,exploratory SNR slice; not a frozen validity domain
harmonics,s_transform,30.0,7,700,1.0,0.17279693640421442,2.2860550767723744,0.02857142857142857,0.2857142857142857,0.2857142857142857,False,exploratory SNR slice; not a frozen validity domain
harmonics,s_transform,40.0,8,800,1.0,0.22996471958537903,3.1904060683643998,0.125,0.25,0.27875,False,exploratory SNR slice; not a frozen validity domain
harmonics,s_transform,50.0,1,100,1.0,3.321856462656435,3.3218565816012338,0.0,0.0,0.0,False,exploratory SNR slice; not a frozen validity domain
harmonics,stft,20.0,11,1100,1.0,2.3297846026523774,3.0857954138560073,0.0,0.0027272727272727275,0.3009090909090909,False,exploratory SNR slice; not a frozen validity domain
harmonics,stft,30.0,7,700,1.0,0.08660263298670598,2.0235335306488293,0.14285714285714285,0.2857142857142857,0.5685714285714286,False,exploratory SNR slice; not a frozen validity domain
harmonics,stft,40.0,8,800,1.0,0.1824060451906034,2.85639010019876,0.05375,0.125,0.375,False,exploratory SNR slice; not a frozen validity domain
harmonics,stft,50.0,1,100,1.0,3.2251488395270886,3.2251492447395216,0.0,0.0,0.0,False,exploratory SNR slice; not a frozen validity domain
harmonics,vmd,20.0,11,1100,1.0,0.3002179279847201,2.6951645040035723,0.15454545454545454,0.3981818181818182,0.6809090909090909,False,exploratory SNR slice; not a frozen validity domain
harmonics,vmd,30.0,7,700,1.0,1.3335472329564522,2.6690122125407165,0.0,0.0,0.42857142857142855,False,exploratory SNR slice; not a frozen validity domain
harmonics,vmd,40.0,8,800,1.0,0.5509166174757035,2.78438547391685,0.0025,0.0025,0.48625,False,exploratory SNR slice; not a frozen validity domain
harmonics,vmd,50.0,1,100,1.0,3.1377272887638417,3.137728071342789,0.0,0.0,0.0,False,exploratory SNR slice; not a frozen validity domain
harmonics,wavelet,20.0,11,1100,1.0,0.997037838121073,1.8003803520299886,0.10818181818181818,0.3618181818181818,0.7363636363636363,False,exploratory SNR slice; not a frozen validity domain
harmonics,wavelet,30.0,7,700,1.0,0.08893798624275573,1.5689221523739245,0.0,0.2857142857142857,0.8571428571428571,False,exploratory SNR slice; not a frozen validity domain
harmonics,wavelet,40.0,8,800,1.0,0.024728326730945084,2.1796682602887234,0.125,0.5,0.75,False,exploratory SNR slice; not a frozen validity domain
harmonics,wavelet,50.0,1,100,1.0,3.077746893612529,3.0777485165938145,0.0,0.0,0.0,False,exploratory SNR slice; not a frozen validity domain
impulsive_transient,s_transform,20.0,15,1500,1.0,29.64952786820098,33.53645584354229,0.0,0.0,0.0,False,exploratory SNR slice; not a frozen validity domain
impulsive_transient,s_transform,30.0,7,700,1.0,4.465688559352822,10.657431185786374,0.14285714285714285,0.16142857142857142,0.3028571428571429,False,exploratory SNR slice; not a frozen validity domain
impulsive_transient,s_transform,40.0,8,800,1.0,0.4325973057499914,3.9860701980439206,0.2125,0.25,0.35875,False,exploratory SNR slice; not a frozen validity domain
impulsive_transient,s_transform,50.0,4,400,1.0,2.1826425700449197,3.6896182339836123,0.0,0.5,0.5,False,exploratory SNR slice; not a frozen validity domain
impulsive_transient,stft,20.0,15,1500,1.0,6.623822060435401,10.083145312524245,0.14466666666666667,0.19333333333333333,0.236,False,exploratory SNR slice; not a frozen validity domain
impulsive_transient,stft,30.0,7,700,1.0,2.3414459159526273,11.729874841830103,0.0,0.0,0.0,False,exploratory SNR slice; not a frozen validity domain
impulsive_transient,stft,40.0,8,800,1.0,1.607572718185825,6.785046838344906,0.0,0.0,0.25,False,exploratory SNR slice; not a frozen validity domain
impulsive_transient,stft,50.0,4,400,1.0,4.993338043814886,11.943553366870804,0.0,0.0,0.5,False,exploratory SNR slice; not a frozen validity domain
impulsive_transient,vmd,20.0,15,1500,1.0,6.690069855812492,9.251942585789758,0.0,0.0,0.0,False,exploratory SNR slice; not a frozen validity domain
impulsive_transient,vmd,30.0,7,700,1.0,2.7181956063257022,12.100130405348246,0.002857142857142857,0.002857142857142857,0.14285714285714285,False,exploratory SNR slice; not a frozen validity domain
impulsive_transient,vmd,40.0,8,800,1.0,0.6660385480488736,6.959188948939641,0.01375,0.19625,0.25,False,exploratory SNR slice; not a frozen validity domain
impulsive_transient,vmd,50.0,4,400,1.0,4.095094569178306,8.879677721040636,0.0,0.0,0.0,False,exploratory SNR slice; not a frozen validity domain
impulsive_transient,wavelet,20.0,15,1500,1.0,3.1100022174320943,8.883072230165228,0.07866666666666666,0.21066666666666667,0.2733333333333333,False,exploratory SNR slice; not a frozen validity domain
impulsive_transient,wavelet,30.0,7,700,1.0,2.4963673868943754,15.377472315744553,0.14285714285714285,0.2742857142857143,0.2857142857142857,False,exploratory SNR slice; not a frozen validity domain
impulsive_transient,wavelet,40.0,8,800,1.0,2.609410003691932,11.587994109832305,0.0,0.09375,0.125,False,exploratory SNR slice; not a frozen validity domain
impulsive_transient,wavelet,50.0,4,400,1.0,4.262479424166156,12.257254207972494,0.0,0.25,0.25,False,exploratory SNR slice; not a frozen validity domain
interruption,s_transform,20.0,6,600,1.0,1.4780275932148912,2.68078777240059,0.0,0.5416666666666666,0.6666666666666666,False,exploratory SNR slice; not a frozen validity domain
interruption,s_transform,30.0,6,600,1.0,0.08572789480039981,3.0618288133615206,0.0,0.0,0.0,False,exploratory SNR slice; not a frozen validity domain
interruption,s_transform,40.0,3,300,1.0,1.411878217398186,4.500017905945885,0.0,0.0,0.0,False,exploratory SNR slice; not a frozen validity domain
interruption,s_transform,50.0,5,500,1.0,1.1029181487030344,2.024679180367309,0.0,0.0,0.6,False,exploratory SNR slice; not a frozen validity domain
interruption,stft,20.0,6,600,1.0,0.00586471406764313,2.382819723527665,0.03666666666666667,0.4,0.8266666666666667,False,exploratory SNR slice; not a frozen validity domain
interruption,stft,30.0,6,600,1.0,0.3857056134578777,0.45626531691431604,0.5983333333333334,0.9983333333333333,1.0,False,exploratory SNR slice; not a frozen validity domain
interruption,stft,40.0,3,300,1.0,0.09904729141644734,0.22857617713687675,1.0,1.0,1.0,True,exploratory SNR slice; not a frozen validity domain
interruption,stft,50.0,5,500,1.0,0.14872289674674477,0.16675746386651844,1.0,1.0,1.0,True,exploratory SNR slice; not a frozen validity domain
interruption,vmd,20.0,6,600,1.0,2.609935764873744,4.734916326646136,0.11333333333333333,0.30833333333333335,0.5783333333333334,False,exploratory SNR slice; not a frozen validity domain
interruption,vmd,30.0,6,600,1.0,0.5344935519115998,3.331104766557324,0.01,0.03166666666666667,0.12,False,exploratory SNR slice; not a frozen validity domain
interruption,vmd,40.0,3,300,1.0,1.5468313163287821,4.755153939349045,0.0,0.0,0.0,False,exploratory SNR slice; not a frozen validity domain
interruption,vmd,50.0,5,500,1.0,1.1044777734395494,2.1181792953714527,0.0,0.004,0.6,False,exploratory SNR slice; not a frozen validity domain
interruption,wavelet,20.0,6,600,1.0,1.191006372150267,2.1550285534042986,0.0,0.6666666666666666,0.6666666666666666,False,exploratory SNR slice; not a frozen validity domain
interruption,wavelet,30.0,6,600,1.0,0.2423952684072242,3.371403728398561,0.0,0.0,0.0,False,exploratory SNR slice; not a frozen validity domain
interruption,wavelet,40.0,3,300,1.0,1.3767802511609317,4.50394239479971,0.0,0.0,0.0,False,exploratory SNR slice; not a frozen validity domain
interruption,wavelet,50.0,5,500,1.0,1.128890047940474,2.042600606404854,0.0,0.0,0.6,False,exploratory SNR slice; not a frozen validity domain
notching,s_transform,20.0,6,600,1.0,9.357608595906466,9.649944376714515,0.0,0.0,0.0,False,exploratory SNR slice; not a frozen validity domain
notching,s_transform,30.0,7,700,1.0,2.3956322117968227,4.758572216872388,0.0014285714285714286,0.14285714285714285,0.2857142857142857,False,exploratory SNR slice; not a frozen validity domain
notching,s_transform,40.0,6,600,1.0,0.7297376809791779,2.790638937000793,0.16666666666666666,0.5,0.6666666666666666,False,exploratory SNR slice; not a frozen validity domain
notching,s_transform,50.0,2,200,1.0,1.3114704403966102,3.5266396533617677,0.0,0.0,0.5,False,exploratory SNR slice; not a frozen validity domain
notching,stft,20.0,6,600,1.0,4.179732730943459,4.575913109442877,0.015,0.15333333333333332,0.16666666666666666,False,exploratory SNR slice; not a frozen validity domain
notching,stft,30.0,7,700,1.0,2.321995782917827,6.850967194489191,0.2042857142857143,0.2857142857142857,0.42857142857142855,False,exploratory SNR slice; not a frozen validity domain
notching,stft,40.0,6,600,1.0,0.11550943664933973,3.9133256355003074,0.16666666666666666,0.16666666666666666,0.3333333333333333,False,exploratory SNR slice; not a frozen validity domain
notching,stft,50.0,2,200,1.0,2.660792232408957,6.544060651503661,0.0,0.0,0.0,False,exploratory SNR slice; not a frozen validity domain
notching,vmd,20.0,6,600,1.0,4.585057923548712,6.060835145132001,0.0,0.0,0.0,False,exploratory SNR slice; not a frozen validity domain
notching,vmd,30.0,7,700,1.0,2.0822887274763127,6.672427954202794,0.2842857142857143,0.38285714285714284,0.42857142857142855,False,exploratory SNR slice; not a frozen validity domain
notching,vmd,40.0,6,600,1.0,0.2395533779126898,4.357280201785442,0.16666666666666666,0.22166666666666668,0.3333333333333333,False,exploratory SNR slice; not a frozen validity domain
notching,vmd,50.0,2,200,1.0,2.6817002939535244,7.924867890307677,0.0,0.0,0.0,False,exploratory SNR slice; not a frozen validity domain
notching,wavelet,20.0,6,600,1.0,3.318171348472289,4.001355541778166,0.0016666666666666668,0.165,0.32,False,exploratory SNR slice; not a frozen validity domain
notching,wavelet,30.0,7,700,1.0,3.2696131623434503,8.127931899540611,0.12714285714285714,0.42857142857142855,0.42857142857142855,False,exploratory SNR slice; not a frozen validity domain
notching,wavelet,40.0,6,600,1.0,0.7063285257542473,5.100537144349581,0.0,0.0,0.3333333333333333,False,exploratory SNR slice; not a frozen validity domain
notching,wavelet,50.0,2,200,1.0,2.70988646054494,9.537404179971029,0.0,0.0,0.0,False,exploratory SNR slice; not a frozen validity domain
oscillatory_transient,s_transform,20.0,7,700,1.0,3.635572620977259,18.397048574232187,0.2857142857142857,0.2857142857142857,0.2857142857142857,False,exploratory SNR slice; not a frozen validity domain
oscillatory_transient,s_transform,30.0,7,700,1.0,4.178076319195766,14.351268295813922,0.0,0.14285714285714285,0.14285714285714285,False,exploratory SNR slice; not a frozen validity domain
oscillatory_transient,s_transform,40.0,5,500,1.0,13.318363749769212,23.04638512504308,0.0,0.0,0.0,False,exploratory SNR slice; not a frozen validity domain
oscillatory_transient,s_transform,50.0,8,800,1.0,14.217736158773313,25.471612999655378,0.0,0.0,0.0,False,exploratory SNR slice; not a frozen validity domain
oscillatory_transient,stft,20.0,7,700,1.0,4.8042997032136086,23.633568876458902,0.0,0.0,0.0,False,exploratory SNR slice; not a frozen validity domain
oscillatory_transient,stft,30.0,7,700,1.0,0.3654105206003533,19.367347266882852,0.14285714285714285,0.14285714285714285,0.14285714285714285,False,exploratory SNR slice; not a frozen validity domain
oscillatory_transient,stft,40.0,5,500,1.0,16.35676376252259,29.62863462266368,0.0,0.2,0.2,False,exploratory SNR slice; not a frozen validity domain
oscillatory_transient,stft,50.0,8,800,1.0,11.401499905005535,32.781389806106795,0.0,0.0,0.0,False,exploratory SNR slice; not a frozen validity domain
oscillatory_transient,vmd,20.0,7,700,0.2857142857142857,1.0169182004254602,2.2438751145945948,0.0,0.08285714285714285,0.14285714285714285,False,exploratory SNR slice; not a frozen validity domain
oscillatory_transient,vmd,30.0,7,700,0.7171428571428572,2.3564904113920018,7.277019335187202,0.0,0.14285714285714285,0.14285714285714285,False,exploratory SNR slice; not a frozen validity domain
oscillatory_transient,vmd,40.0,5,500,0.934,7.984952091077793,11.050652614128191,0.0,0.0,0.0,False,exploratory SNR slice; not a frozen validity domain
oscillatory_transient,vmd,50.0,8,800,0.99375,6.048597075081253,11.936193931674769,0.0,0.0,0.0,False,exploratory SNR slice; not a frozen validity domain
oscillatory_transient,wavelet,20.0,7,700,1.0,5.150398196853717,23.802219229845786,0.0,0.0,0.0,False,exploratory SNR slice; not a frozen validity domain
oscillatory_transient,wavelet,30.0,7,700,1.0,0.7564472347291147,16.99793980001909,0.14285714285714285,0.14285714285714285,0.14285714285714285,False,exploratory SNR slice; not a frozen validity domain
oscillatory_transient,wavelet,40.0,5,500,1.0,16.74768926310349,29.920081199810866,0.0,0.0,0.2,False,exploratory SNR slice; not a frozen validity domain
oscillatory_transient,wavelet,50.0,8,800,1.0,11.744253670072162,33.012337956375426,0.0,0.0,0.0,False,exploratory SNR slice; not a frozen validity domain
sag,s_transform,20.0,6,600,1.0,2.0803689870133484,4.1948578732935475,0.03333333333333333,0.6633333333333333,0.6666666666666666,False,exploratory SNR slice; not a frozen validity domain
sag,s_transform,30.0,4,400,1.0,5.953128461768428,6.973995219093389,0.0,0.0,0.0,False,exploratory SNR slice; not a frozen validity domain
sag,s_transform,40.0,7,700,1.0,1.115266438274895,6.8381817141945005,0.0,0.14285714285714285,0.3942857142857143,False,exploratory SNR slice; not a frozen validity domain
sag,s_transform,50.0,2,200,1.0,5.250748647296233,10.178690129317904,0.0,0.0,0.0,False,exploratory SNR slice; not a frozen validity domain
sag,stft,20.0,6,600,1.0,0.6287387313037429,5.894792480110821,0.0,0.0,0.09,False,exploratory SNR slice; not a frozen validity domain
sag,stft,30.0,4,400,1.0,5.029681461388553,5.26436315313687,0.0,0.0,0.0,False,exploratory SNR slice; not a frozen validity domain
sag,stft,40.0,7,700,1.0,2.054149616177815,5.188493836301547,0.0,0.0,0.0,False,exploratory SNR slice; not a frozen validity domain
sag,stft,50.0,2,200,1.0,0.9294151493785313,7.222913571267406,0.0,0.0,0.0,False,exploratory SNR slice; not a frozen validity domain
sag,vmd,20.0,6,600,1.0,0.6436025252392411,11.487536758331302,0.0,0.0,0.0,False,exploratory SNR slice; not a frozen validity domain
sag,vmd,30.0,4,400,1.0,13.244839640146346,17.472155847956625,0.0,0.0,0.0,False,exploratory SNR slice; not a frozen validity domain
sag,vmd,40.0,7,700,1.0,2.4878130090246837,10.52652231377431,0.14285714285714285,0.14285714285714285,0.2857142857142857,False,exploratory SNR slice; not a frozen validity domain
sag,vmd,50.0,2,200,1.0,16.26149724373139,27.611087626233875,0.0,0.0,0.0,False,exploratory SNR slice; not a frozen validity domain
sag,wavelet,20.0,6,600,1.0,1.2432176482276793,3.865591264406695,0.2866666666666667,0.34833333333333333,0.49333333333333335,False,exploratory SNR slice; not a frozen validity domain
sag,wavelet,30.0,4,400,1.0,2.4822782218376322,4.807831169069821,0.0,0.0,0.0,False,exploratory SNR slice; not a frozen validity domain
sag,wavelet,40.0,7,700,1.0,0.8223053306000377,3.8863956785209752,0.2857142857142857,0.5714285714285714,0.5714285714285714,False,exploratory SNR slice; not a frozen validity domain
sag,wavelet,50.0,2,200,1.0,5.311252220380559,5.650787803608712,0.0,0.0,0.0,False,exploratory SNR slice; not a frozen validity domain
swell,s_transform,20.0,3,300,1.0,1.227833206708153,1.9069370894047717,0.0,0.3333333333333333,0.6666666666666666,False,exploratory SNR slice; not a frozen validity domain
swell,s_transform,30.0,4,400,1.0,0.7499881356683954,0.9116987527291971,0.25,0.6125,1.0,False,exploratory SNR slice; not a frozen validity domain
swell,s_transform,40.0,7,700,1.0,1.4424505303512904,3.851062446203027,0.14285714285714285,0.2857142857142857,0.42857142857142855,False,exploratory SNR slice; not a frozen validity domain
swell,s_transform,50.0,4,400,1.0,0.5381422646653674,0.7778439255955403,0.75,0.75,1.0,False,exploratory SNR slice; not a frozen validity domain
swell,stft,20.0,3,300,1.0,0.9557187032268448,3.056021713758512,0.0,0.09333333333333334,0.6666666666666666,False,exploratory SNR slice; not a frozen validity domain
swell,stft,30.0,4,400,1.0,1.0039773572868453,1.0700543158543296,0.0575,0.5,1.0,False,exploratory SNR slice; not a frozen validity domain
swell,stft,40.0,7,700,1.0,2.015491207869657,4.3081975661732175,0.0,0.14285714285714285,0.5714285714285714,False,exploratory SNR slice; not a frozen validity domain
swell,stft,50.0,4,400,1.0,1.2342952332326913,1.2436913826261644,0.0,0.0,1.0,False,exploratory SNR slice; not a frozen validity domain
swell,vmd,20.0,3,300,1.0,1.2913256362305352,2.7284740797488327,0.0,0.3333333333333333,0.6666666666666666,False,exploratory SNR slice; not a frozen validity domain
swell,vmd,30.0,4,400,1.0,0.2903168904979881,1.3054927802377658,0.0,0.25,1.0,False,exploratory SNR slice; not a frozen validity domain
swell,vmd,40.0,7,700,1.0,1.6680368513529704,4.097337233319894,0.2857142857142857,0.2857142857142857,0.42857142857142855,False,exploratory SNR slice; not a frozen validity domain
swell,vmd,50.0,4,400,1.0,0.9923526582404426,2.1877432346877095,0.0,0.0,0.25,False,exploratory SNR slice; not a frozen validity domain
swell,wavelet,20.0,3,300,1.0,0.06952719289227645,2.355759002781301,0.0,0.0,0.6566666666666666,False,exploratory SNR slice; not a frozen validity domain
swell,wavelet,30.0,4,400,1.0,1.1766204483480818,1.5831907458389107,0.035,0.25,0.715,False,exploratory SNR slice; not a frozen validity domain
swell,wavelet,40.0,7,700,1.0,1.5509177181849678,3.2318794990177175,0.0,0.17285714285714285,0.5714285714285714,False,exploratory SNR slice; not a frozen validity domain
swell,wavelet,50.0,4,400,1.0,0.682987343223499,0.7817490513753657,0.25,0.75,1.0,False,exploratory SNR slice; not a frozen validity domain
